Input Number, Run_Number, Result@ 100, X2, Y, X2*, Y*
In01, Run: 001, F, 24, 0
In01, Run: 002, F, 24, 0
In01, Run: 003, F, 24, 0
In01, Run: 004, F, 24, 0
In01, Run: 005, F, 24, 0
In01, Run: 006, F, 24, 0
In01, Run: 007, F, 24, 0
In01, Run: 008, F, 24, 0
In01, Run: 009, F, 24, 0
In01, Run: 010, F, 24, 0
In01, Run: 011, F, 24, 0
In01, Run: 012, F, 24, 0
In01, Run: 013, F, 24, 0
In01, Run: 014, F, 24, 0
In01, Run: 015, F, 24, 0
In01, Run: 016, F, 24, 0
In01, Run: 017, F, 24, 0
In01, Run: 018, F, 24, 0
In01, Run: 019, F, 24, 0
In01, Run: 020, F, 24, 0
In01, Run: 021, F, 24, 0
In01, Run: 022, F, 24, 0
In01, Run: 023, F, 24, 0
In01, Run: 024, F, 24, 0
In01, Run: 025, F, 24, 0
In01, Run: 026, F, 24, 0
In01, Run: 027, F, 24, 0
In01, Run: 028, F, 24, 0
In01, Run: 029, F, 24, 0
In01, Run: 030, F, 24, 0
In01, Run: 031, F, 24, 0
In01, Run: 032, F, 24, 0
In01, Run: 033, F, 24, 0
In01, Run: 034, F, 24, 0
In01, Run: 035, F, 24, 0
In01, Run: 036, F, 24, 0
In01, Run: 037, F, 24, 0
In01, Run: 038, F, 24, 0
In01, Run: 039, F, 24, 0
In01, Run: 040, F, 24, 0
In01, Run: 041, F, 24, 0
In01, Run: 042, F, 24, 0
In01, Run: 043, F, 24, 0
In01, Run: 044, F, 24, 0
In01, Run: 045, F, 24, 0
In01, Run: 046, F, 24, 0
In01, Run: 047, F, 24, 0
In01, Run: 048, F, 24, 0
In01, Run: 049, F, 24, 0
In01, Run: 050, F, 24, 0
In01, Run: 051, F, 24, 0
In01, Run: 052, F, 24, 0
In01, Run: 053, F, 24, 0
In01, Run: 054, F, 24, 0
In01, Run: 055, F, 24, 0
In01, Run: 056, F, 24, 0
In01, Run: 057, F, 24, 0
In01, Run: 058, F, 24, 0
In01, Run: 059, F, 24, 0
In01, Run: 060, F, 24, 0
In01, Run: 061, F, 24, 0
In01, Run: 062, F, 24, 0
In01, Run: 063, F, 24, 0
In01, Run: 064, F, 24, 0
In01, Run: 065, F, 24, 0
In01, Run: 066, F, 24, 0
In01, Run: 067, F, 24, 0
In01, Run: 068, F, 24, 0
In01, Run: 069, F, 24, 0
In01, Run: 070, F, 24, 0
In01, Run: 071, F, 24, 0
In01, Run: 072, F, 24, 0
In01, Run: 073, F, 24, 0
In01, Run: 074, F, 24, 0
In01, Run: 075, F, 24, 0
In01, Run: 076, F, 24, 0
In01, Run: 077, F, 24, 0
In01, Run: 078, F, 24, 0
In01, Run: 079, F, 24, 0
In01, Run: 080, F, 24, 0
In01, Run: 081, F, 24, 0
In01, Run: 082, F, 24, 0
In01, Run: 083, F, 24, 0
In01, Run: 084, F, 24, 0
In01, Run: 085, F, 24, 0
In01, Run: 086, F, 24, 0
In01, Run: 087, F, 24, 0
In01, Run: 088, F, 24, 0
In01, Run: 089, F, 24, 0
In01, Run: 090, F, 24, 0
In01, Run: 091, F, 24, 0
In01, Run: 092, F, 24, 0
In01, Run: 093, F, 24, 0
In01, Run: 094, F, 24, 0
In01, Run: 095, F, 24, 0
In01, Run: 096, F, 24, 0
In01, Run: 097, F, 24, 0
In01, Run: 098, F, 24, 0
In01, Run: 099, F, 24, 0
In01, Run: 100, F, 24, 0
In02, Run: 001, F, 60, 0
In02, Run: 002, F, 60, 0
In02, Run: 003, F, 60, 0
In02, Run: 004, F, 60, 0
In02, Run: 005, F, 60, 0
In02, Run: 006, F, 60, 0
In02, Run: 007, F, 60, 0
In02, Run: 008, F, 60, 0
In02, Run: 009, F, 60, 0
In02, Run: 010, F, 60, 0
In02, Run: 011, F, 60, 0
In02, Run: 012, F, 60, 0
In02, Run: 013, F, 60, 0
In02, Run: 014, F, 60, 0
In02, Run: 015, F, 60, 0
In02, Run: 016, F, 60, 0
In02, Run: 017, F, 60, 0
In02, Run: 018, F, 60, 0
In02, Run: 019, F, 60, 0
In02, Run: 020, F, 60, 0
In02, Run: 021, F, 60, 0
In02, Run: 022, F, 60, 0
In02, Run: 023, F, 60, 0
In02, Run: 024, F, 60, 0
In02, Run: 025, F, 60, 0
In02, Run: 026, F, 60, 0
In02, Run: 027, F, 60, 0
In02, Run: 028, F, 60, 0
In02, Run: 029, F, 60, 0
In02, Run: 030, F, 60, 0
In02, Run: 031, F, 60, 0
In02, Run: 032, F, 60, 0
In02, Run: 033, F, 60, 0
In02, Run: 034, F, 60, 0
In02, Run: 035, F, 60, 0
In02, Run: 036, F, 60, 0
In02, Run: 037, F, 60, 0
In02, Run: 038, F, 60, 0
In02, Run: 039, F, 60, 0
In02, Run: 040, F, 60, 0
In02, Run: 041, F, 60, 0
In02, Run: 042, F, 60, 0
In02, Run: 043, F, 60, 0
In02, Run: 044, F, 60, 0
In02, Run: 045, F, 60, 0
In02, Run: 046, F, 60, 0
In02, Run: 047, F, 60, 0
In02, Run: 048, F, 60, 0
In02, Run: 049, F, 60, 0
In02, Run: 050, F, 60, 0
In02, Run: 051, F, 60, 0
In02, Run: 052, F, 60, 0
In02, Run: 053, F, 60, 0
In02, Run: 054, F, 60, 0
In02, Run: 055, F, 60, 0
In02, Run: 056, F, 60, 0
In02, Run: 057, F, 60, 0
In02, Run: 058, F, 60, 0
In02, Run: 059, F, 60, 0
In02, Run: 060, F, 60, 0
In02, Run: 061, F, 60, 0
In02, Run: 062, F, 60, 0
In02, Run: 063, F, 60, 0
In02, Run: 064, F, 60, 0
In02, Run: 065, F, 60, 0
In02, Run: 066, F, 60, 0
In02, Run: 067, F, 60, 0
In02, Run: 068, F, 60, 0
In02, Run: 069, F, 60, 0
In02, Run: 070, F, 60, 0
In02, Run: 071, F, 60, 0
In02, Run: 072, F, 60, 0
In02, Run: 073, F, 60, 0
In02, Run: 074, F, 60, 0
In02, Run: 075, F, 60, 0
In02, Run: 076, F, 60, 0
In02, Run: 077, F, 60, 0
In02, Run: 078, F, 60, 0
In02, Run: 079, F, 60, 0
In02, Run: 080, F, 60, 0
In02, Run: 081, F, 60, 0
In02, Run: 082, F, 60, 0
In02, Run: 083, F, 60, 0
In02, Run: 084, F, 60, 0
In02, Run: 085, F, 60, 0
In02, Run: 086, F, 60, 0
In02, Run: 087, F, 60, 0
In02, Run: 088, F, 60, 0
In02, Run: 089, F, 60, 0
In02, Run: 090, F, 60, 0
In02, Run: 091, F, 60, 0
In02, Run: 092, F, 60, 0
In02, Run: 093, F, 60, 0
In02, Run: 094, F, 60, 0
In02, Run: 095, F, 60, 0
In02, Run: 096, F, 60, 0
In02, Run: 097, F, 60, 0
In02, Run: 098, F, 60, 0
In02, Run: 099, F, 60, 0
In02, Run: 100, F, 60, 0
In03, Run: 001, F, 116, 0
In03, Run: 002, F, 116, 0
In03, Run: 003, F, 116, 0
In03, Run: 004, F, 116, 0
In03, Run: 005, F, 116, 0
In03, Run: 006, F, 116, 0
In03, Run: 007, F, 116, 0
In03, Run: 008, F, 116, 0
In03, Run: 009, F, 116, 0
In03, Run: 010, F, 116, 0
In03, Run: 011, F, 116, 0
In03, Run: 012, F, 116, 0
In03, Run: 013, F, 116, 0
In03, Run: 014, F, 116, 0
In03, Run: 015, F, 116, 0
In03, Run: 016, F, 116, 0
In03, Run: 017, F, 116, 0
In03, Run: 018, F, 116, 0
In03, Run: 019, F, 116, 0
In03, Run: 020, F, 116, 0
In03, Run: 021, F, 116, 0
In03, Run: 022, F, 116, 0
In03, Run: 023, F, 116, 0
In03, Run: 024, F, 116, 0
In03, Run: 025, F, 116, 0
In03, Run: 026, F, 116, 0
In03, Run: 027, F, 116, 0
In03, Run: 028, F, 116, 0
In03, Run: 029, F, 116, 0
In03, Run: 030, F, 116, 0
In03, Run: 031, F, 116, 0
In03, Run: 032, F, 116, 0
In03, Run: 033, F, 116, 0
In03, Run: 034, F, 116, 0
In03, Run: 035, F, 116, 0
In03, Run: 036, F, 116, 0
In03, Run: 037, F, 116, 0
In03, Run: 038, F, 116, 0
In03, Run: 039, F, 116, 0
In03, Run: 040, F, 116, 0
In03, Run: 041, F, 116, 0
In03, Run: 042, F, 116, 0
In03, Run: 043, F, 116, 0
In03, Run: 044, F, 116, 0
In03, Run: 045, F, 116, 0
In03, Run: 046, F, 116, 0
In03, Run: 047, F, 116, 0
In03, Run: 048, F, 116, 0
In03, Run: 049, F, 116, 0
In03, Run: 050, F, 116, 0
In03, Run: 051, F, 116, 0
In03, Run: 052, F, 116, 0
In03, Run: 053, F, 116, 0
In03, Run: 054, F, 116, 0
In03, Run: 055, F, 116, 0
In03, Run: 056, F, 116, 0
In03, Run: 057, F, 116, 0
In03, Run: 058, F, 116, 0
In03, Run: 059, F, 116, 0
In03, Run: 060, F, 116, 0
In03, Run: 061, F, 116, 0
In03, Run: 062, F, 116, 0
In03, Run: 063, F, 116, 0
In03, Run: 064, F, 116, 0
In03, Run: 065, F, 116, 0
In03, Run: 066, F, 116, 0
In03, Run: 067, F, 116, 0
In03, Run: 068, F, 116, 0
In03, Run: 069, F, 116, 0
In03, Run: 070, F, 116, 0
In03, Run: 071, F, 116, 0
In03, Run: 072, F, 116, 0
In03, Run: 073, F, 116, 0
In03, Run: 074, F, 116, 0
In03, Run: 075, F, 116, 0
In03, Run: 076, F, 116, 0
In03, Run: 077, F, 116, 0
In03, Run: 078, F, 116, 0
In03, Run: 079, F, 116, 0
In03, Run: 080, F, 116, 0
In03, Run: 081, F, 116, 0
In03, Run: 082, F, 116, 0
In03, Run: 083, F, 116, 0
In03, Run: 084, F, 116, 0
In03, Run: 085, F, 116, 0
In03, Run: 086, F, 116, 0
In03, Run: 087, F, 116, 0
In03, Run: 088, F, 116, 0
In03, Run: 089, F, 116, 0
In03, Run: 090, F, 116, 0
In03, Run: 091, F, 116, 0
In03, Run: 092, F, 116, 0
In03, Run: 093, F, 116, 0
In03, Run: 094, F, 116, 0
In03, Run: 095, F, 116, 0
In03, Run: 096, F, 116, 0
In03, Run: 097, F, 116, 0
In03, Run: 098, F, 116, 0
In03, Run: 099, F, 116, 0
In03, Run: 100, F, 116, 0
In04, Run: 001, F, 10, 0
In04, Run: 002, F, 10, 0
In04, Run: 003, F, 10, 0
In04, Run: 004, F, 10, 0
In04, Run: 005, F, 10, 0
In04, Run: 006, F, 10, 0
In04, Run: 007, F, 10, 0
In04, Run: 008, F, 10, 0
In04, Run: 009, F, 10, 0
In04, Run: 010, F, 10, 0
In04, Run: 011, F, 10, 0
In04, Run: 012, F, 10, 0
In04, Run: 013, F, 10, 0
In04, Run: 014, F, 10, 0
In04, Run: 015, F, 10, 0
In04, Run: 016, F, 10, 0
In04, Run: 017, F, 10, 0
In04, Run: 018, F, 10, 0
In04, Run: 019, F, 10, 0
In04, Run: 020, F, 10, 0
In04, Run: 021, F, 10, 0
In04, Run: 022, F, 10, 0
In04, Run: 023, F, 10, 0
In04, Run: 024, F, 10, 0
In04, Run: 025, F, 10, 0
In04, Run: 026, F, 10, 0
In04, Run: 027, F, 10, 0
In04, Run: 028, F, 10, 0
In04, Run: 029, F, 10, 0
In04, Run: 030, F, 10, 0
In04, Run: 031, F, 10, 0
In04, Run: 032, F, 10, 0
In04, Run: 033, F, 10, 0
In04, Run: 034, F, 10, 0
In04, Run: 035, F, 10, 0
In04, Run: 036, F, 10, 0
In04, Run: 037, F, 10, 0
In04, Run: 038, F, 10, 0
In04, Run: 039, F, 10, 0
In04, Run: 040, F, 10, 0
In04, Run: 041, F, 10, 0
In04, Run: 042, F, 10, 0
In04, Run: 043, F, 10, 0
In04, Run: 044, F, 10, 0
In04, Run: 045, F, 10, 0
In04, Run: 046, F, 10, 0
In04, Run: 047, F, 10, 0
In04, Run: 048, F, 10, 0
In04, Run: 049, F, 10, 0
In04, Run: 050, F, 10, 0
In04, Run: 051, F, 10, 0
In04, Run: 052, F, 10, 0
In04, Run: 053, F, 10, 0
In04, Run: 054, F, 10, 0
In04, Run: 055, F, 10, 0
In04, Run: 056, F, 10, 0
In04, Run: 057, F, 10, 0
In04, Run: 058, F, 10, 0
In04, Run: 059, F, 10, 0
In04, Run: 060, F, 10, 0
In04, Run: 061, F, 10, 0
In04, Run: 062, F, 10, 0
In04, Run: 063, F, 10, 0
In04, Run: 064, F, 10, 0
In04, Run: 065, F, 10, 0
In04, Run: 066, F, 10, 0
In04, Run: 067, F, 10, 0
In04, Run: 068, F, 10, 0
In04, Run: 069, F, 10, 0
In04, Run: 070, F, 10, 0
In04, Run: 071, F, 10, 0
In04, Run: 072, F, 10, 0
In04, Run: 073, F, 10, 0
In04, Run: 074, F, 10, 0
In04, Run: 075, F, 10, 0
In04, Run: 076, F, 10, 0
In04, Run: 077, F, 10, 0
In04, Run: 078, F, 10, 0
In04, Run: 079, F, 10, 0
In04, Run: 080, F, 10, 0
In04, Run: 081, F, 10, 0
In04, Run: 082, F, 10, 0
In04, Run: 083, F, 10, 0
In04, Run: 084, F, 10, 0
In04, Run: 085, F, 10, 0
In04, Run: 086, F, 10, 0
In04, Run: 087, F, 10, 0
In04, Run: 088, F, 10, 0
In04, Run: 089, F, 10, 0
In04, Run: 090, F, 10, 0
In04, Run: 091, F, 10, 0
In04, Run: 092, F, 10, 0
In04, Run: 093, F, 10, 0
In04, Run: 094, F, 10, 0
In04, Run: 095, F, 10, 0
In04, Run: 096, F, 10, 0
In04, Run: 097, F, 10, 0
In04, Run: 098, F, 10, 0
In04, Run: 099, F, 10, 0
In04, Run: 100, F, 10, 0
In05, Run: 001, F, 63, 0
In05, Run: 002, F, 63, 0
In05, Run: 003, F, 63, 0
In05, Run: 004, F, 63, 0
In05, Run: 005, F, 63, 0
In05, Run: 006, F, 63, 0
In05, Run: 007, F, 63, 0
In05, Run: 008, F, 63, 0
In05, Run: 009, F, 63, 0
In05, Run: 010, F, 63, 0
In05, Run: 011, F, 63, 0
In05, Run: 012, F, 63, 0
In05, Run: 013, F, 63, 0
In05, Run: 014, F, 63, 0
In05, Run: 015, F, 63, 0
In05, Run: 016, F, 63, 0
In05, Run: 017, F, 63, 0
In05, Run: 018, F, 63, 0
In05, Run: 019, F, 63, 0
In05, Run: 020, F, 63, 0
In05, Run: 021, F, 63, 0
In05, Run: 022, F, 63, 0
In05, Run: 023, F, 63, 0
In05, Run: 024, F, 63, 0
In05, Run: 025, F, 63, 0
In05, Run: 026, F, 63, 0
In05, Run: 027, F, 63, 0
In05, Run: 028, F, 63, 0
In05, Run: 029, F, 63, 0
In05, Run: 030, F, 63, 0
In05, Run: 031, F, 63, 0
In05, Run: 032, F, 63, 0
In05, Run: 033, F, 63, 0
In05, Run: 034, F, 63, 0
In05, Run: 035, F, 63, 0
In05, Run: 036, F, 63, 0
In05, Run: 037, F, 63, 0
In05, Run: 038, F, 63, 0
In05, Run: 039, F, 63, 0
In05, Run: 040, F, 63, 0
In05, Run: 041, F, 63, 0
In05, Run: 042, F, 63, 0
In05, Run: 043, F, 63, 0
In05, Run: 044, F, 63, 0
In05, Run: 045, F, 63, 0
In05, Run: 046, F, 63, 0
In05, Run: 047, F, 63, 0
In05, Run: 048, F, 63, 0
In05, Run: 049, F, 63, 0
In05, Run: 050, F, 63, 0
In05, Run: 051, F, 63, 0
In05, Run: 052, F, 63, 0
In05, Run: 053, F, 63, 0
In05, Run: 054, F, 63, 0
In05, Run: 055, F, 63, 0
In05, Run: 056, F, 63, 0
In05, Run: 057, F, 63, 0
In05, Run: 058, F, 63, 0
In05, Run: 059, F, 63, 0
In05, Run: 060, F, 63, 0
In05, Run: 061, F, 63, 0
In05, Run: 062, F, 63, 0
In05, Run: 063, F, 63, 0
In05, Run: 064, F, 63, 0
In05, Run: 065, F, 63, 0
In05, Run: 066, F, 63, 0
In05, Run: 067, F, 63, 0
In05, Run: 068, F, 63, 0
In05, Run: 069, F, 63, 0
In05, Run: 070, F, 63, 0
In05, Run: 071, F, 63, 0
In05, Run: 072, F, 63, 0
In05, Run: 073, F, 63, 0
In05, Run: 074, F, 63, 0
In05, Run: 075, F, 63, 0
In05, Run: 076, F, 63, 0
In05, Run: 077, F, 63, 0
In05, Run: 078, F, 63, 0
In05, Run: 079, F, 63, 0
In05, Run: 080, F, 63, 0
In05, Run: 081, F, 63, 0
In05, Run: 082, F, 63, 0
In05, Run: 083, F, 63, 0
In05, Run: 084, F, 63, 0
In05, Run: 085, F, 63, 0
In05, Run: 086, F, 63, 0
In05, Run: 087, F, 63, 0
In05, Run: 088, F, 63, 0
In05, Run: 089, F, 63, 0
In05, Run: 090, F, 63, 0
In05, Run: 091, F, 63, 0
In05, Run: 092, F, 63, 0
In05, Run: 093, F, 63, 0
In05, Run: 094, F, 63, 0
In05, Run: 095, F, 63, 0
In05, Run: 096, F, 63, 0
In05, Run: 097, F, 63, 0
In05, Run: 098, F, 63, 0
In05, Run: 099, F, 63, 0
In05, Run: 100, F, 63, 0
In06, Run: 001, F, 169, 0
In06, Run: 002, F, 169, 0
In06, Run: 003, F, 169, 0
In06, Run: 004, F, 169, 0
In06, Run: 005, F, 169, 0
In06, Run: 006, F, 169, 0
In06, Run: 007, F, 169, 0
In06, Run: 008, F, 169, 0
In06, Run: 009, F, 169, 0
In06, Run: 010, F, 169, 0
In06, Run: 011, F, 169, 0
In06, Run: 012, F, 169, 0
In06, Run: 013, F, 169, 0
In06, Run: 014, F, 169, 0
In06, Run: 015, F, 169, 0
In06, Run: 016, F, 169, 0
In06, Run: 017, F, 169, 0
In06, Run: 018, F, 169, 0
In06, Run: 019, F, 169, 0
In06, Run: 020, F, 169, 0
In06, Run: 021, F, 169, 0
In06, Run: 022, F, 169, 0
In06, Run: 023, F, 169, 0
In06, Run: 024, F, 169, 0
In06, Run: 025, F, 169, 0
In06, Run: 026, F, 169, 0
In06, Run: 027, F, 169, 0
In06, Run: 028, F, 169, 0
In06, Run: 029, F, 169, 0
In06, Run: 030, F, 169, 0
In06, Run: 031, F, 169, 0
In06, Run: 032, F, 169, 0
In06, Run: 033, F, 169, 0
In06, Run: 034, F, 169, 0
In06, Run: 035, F, 169, 0
In06, Run: 036, F, 169, 0
In06, Run: 037, F, 169, 0
In06, Run: 038, F, 169, 0
In06, Run: 039, F, 169, 0
In06, Run: 040, F, 169, 0
In06, Run: 041, F, 169, 0
In06, Run: 042, F, 169, 0
In06, Run: 043, F, 169, 0
In06, Run: 044, F, 169, 0
In06, Run: 045, F, 169, 0
In06, Run: 046, F, 169, 0
In06, Run: 047, F, 169, 0
In06, Run: 048, F, 169, 0
In06, Run: 049, F, 169, 0
In06, Run: 050, F, 169, 0
In06, Run: 051, F, 169, 0
In06, Run: 052, F, 169, 0
In06, Run: 053, F, 169, 0
In06, Run: 054, F, 169, 0
In06, Run: 055, F, 169, 0
In06, Run: 056, F, 169, 0
In06, Run: 057, F, 169, 0
In06, Run: 058, F, 169, 0
In06, Run: 059, F, 169, 0
In06, Run: 060, F, 169, 0
In06, Run: 061, F, 169, 0
In06, Run: 062, F, 169, 0
In06, Run: 063, F, 169, 0
In06, Run: 064, F, 169, 0
In06, Run: 065, F, 169, 0
In06, Run: 066, F, 169, 0
In06, Run: 067, F, 169, 0
In06, Run: 068, F, 169, 0
In06, Run: 069, F, 169, 0
In06, Run: 070, F, 169, 0
In06, Run: 071, F, 169, 0
In06, Run: 072, F, 169, 0
In06, Run: 073, F, 169, 0
In06, Run: 074, F, 169, 0
In06, Run: 075, F, 169, 0
In06, Run: 076, F, 169, 0
In06, Run: 077, F, 169, 0
In06, Run: 078, F, 169, 0
In06, Run: 079, F, 169, 0
In06, Run: 080, F, 169, 0
In06, Run: 081, F, 169, 0
In06, Run: 082, F, 169, 0
In06, Run: 083, F, 169, 0
In06, Run: 084, F, 169, 0
In06, Run: 085, F, 169, 0
In06, Run: 086, F, 169, 0
In06, Run: 087, F, 169, 0
In06, Run: 088, F, 169, 0
In06, Run: 089, F, 169, 0
In06, Run: 090, F, 169, 0
In06, Run: 091, F, 169, 0
In06, Run: 092, F, 169, 0
In06, Run: 093, F, 169, 0
In06, Run: 094, F, 169, 0
In06, Run: 095, F, 169, 0
In06, Run: 096, F, 169, 0
In06, Run: 097, F, 169, 0
In06, Run: 098, F, 169, 0
In06, Run: 099, F, 169, 0
In06, Run: 100, F, 169, 0
In07, Run: 001, F, 0, 0
In07, Run: 002, F, 0, 0
In07, Run: 003, F, 0, 0
In07, Run: 004, F, 0, 0
In07, Run: 005, F, 0, 0
In07, Run: 006, F, 0, 0
In07, Run: 007, F, 0, 0
In07, Run: 008, F, 0, 0
In07, Run: 009, F, 0, 0
In07, Run: 010, F, 0, 0
In07, Run: 011, F, 0, 0
In07, Run: 012, F, 0, 0
In07, Run: 013, F, 0, 0
In07, Run: 014, F, 0, 0
In07, Run: 015, F, 0, 0
In07, Run: 016, F, 0, 0
In07, Run: 017, F, 0, 0
In07, Run: 018, F, 0, 0
In07, Run: 019, F, 0, 0
In07, Run: 020, F, 0, 0
In07, Run: 021, F, 0, 0
In07, Run: 022, F, 0, 0
In07, Run: 023, F, 0, 0
In07, Run: 024, F, 0, 0
In07, Run: 025, F, 0, 0
In07, Run: 026, F, 0, 0
In07, Run: 027, F, 0, 0
In07, Run: 028, F, 0, 0
In07, Run: 029, F, 0, 0
In07, Run: 030, F, 0, 0
In07, Run: 031, F, 0, 0
In07, Run: 032, F, 0, 0
In07, Run: 033, F, 0, 0
In07, Run: 034, F, 0, 0
In07, Run: 035, F, 0, 0
In07, Run: 036, F, 0, 0
In07, Run: 037, F, 0, 0
In07, Run: 038, F, 0, 0
In07, Run: 039, F, 0, 0
In07, Run: 040, F, 0, 0
In07, Run: 041, F, 0, 0
In07, Run: 042, F, 0, 0
In07, Run: 043, F, 0, 0
In07, Run: 044, F, 0, 0
In07, Run: 045, F, 0, 0
In07, Run: 046, F, 0, 0
In07, Run: 047, F, 0, 0
In07, Run: 048, F, 0, 0
In07, Run: 049, F, 0, 0
In07, Run: 050, F, 0, 0
In07, Run: 051, F, 0, 0
In07, Run: 052, F, 0, 0
In07, Run: 053, F, 0, 0
In07, Run: 054, F, 0, 0
In07, Run: 055, F, 0, 0
In07, Run: 056, F, 0, 0
In07, Run: 057, F, 0, 0
In07, Run: 058, F, 0, 0
In07, Run: 059, F, 0, 0
In07, Run: 060, F, 0, 0
In07, Run: 061, F, 0, 0
In07, Run: 062, F, 0, 0
In07, Run: 063, F, 0, 0
In07, Run: 064, F, 0, 0
In07, Run: 065, F, 0, 0
In07, Run: 066, F, 0, 0
In07, Run: 067, F, 0, 0
In07, Run: 068, F, 0, 0
In07, Run: 069, F, 0, 0
In07, Run: 070, F, 0, 0
In07, Run: 071, F, 0, 0
In07, Run: 072, F, 0, 0
In07, Run: 073, F, 0, 0
In07, Run: 074, F, 0, 0
In07, Run: 075, F, 0, 0
In07, Run: 076, F, 0, 0
In07, Run: 077, F, 0, 0
In07, Run: 078, F, 0, 0
In07, Run: 079, F, 0, 0
In07, Run: 080, F, 0, 0
In07, Run: 081, F, 0, 0
In07, Run: 082, F, 0, 0
In07, Run: 083, F, 0, 0
In07, Run: 084, F, 0, 0
In07, Run: 085, F, 0, 0
In07, Run: 086, F, 0, 0
In07, Run: 087, F, 0, 0
In07, Run: 088, F, 0, 0
In07, Run: 089, F, 0, 0
In07, Run: 090, F, 0, 0
In07, Run: 091, F, 0, 0
In07, Run: 092, F, 0, 0
In07, Run: 093, F, 0, 0
In07, Run: 094, F, 0, 0
In07, Run: 095, F, 0, 0
In07, Run: 096, F, 0, 0
In07, Run: 097, F, 0, 0
In07, Run: 098, F, 0, 0
In07, Run: 099, F, 0, 0
In07, Run: 100, F, 0, 0
In08, Run: 001, F, 0, 0
In08, Run: 002, F, 0, 0
In08, Run: 003, F, 0, 0
In08, Run: 004, F, 0, 0
In08, Run: 005, F, 0, 0
In08, Run: 006, F, 0, 0
In08, Run: 007, F, 0, 0
In08, Run: 008, F, 0, 0
In08, Run: 009, F, 0, 0
In08, Run: 010, F, 0, 0
In08, Run: 011, F, 0, 0
In08, Run: 012, F, 0, 0
In08, Run: 013, F, 0, 0
In08, Run: 014, F, 0, 0
In08, Run: 015, F, 0, 0
In08, Run: 016, F, 0, 0
In08, Run: 017, F, 0, 0
In08, Run: 018, F, 0, 0
In08, Run: 019, F, 0, 0
In08, Run: 020, F, 0, 0
In08, Run: 021, F, 0, 0
In08, Run: 022, F, 0, 0
In08, Run: 023, F, 0, 0
In08, Run: 024, F, 0, 0
In08, Run: 025, F, 0, 0
In08, Run: 026, F, 0, 0
In08, Run: 027, F, 0, 0
In08, Run: 028, F, 0, 0
In08, Run: 029, F, 0, 0
In08, Run: 030, F, 0, 0
In08, Run: 031, F, 0, 0
In08, Run: 032, F, 0, 0
In08, Run: 033, F, 0, 0
In08, Run: 034, F, 0, 0
In08, Run: 035, F, 0, 0
In08, Run: 036, F, 0, 0
In08, Run: 037, F, 0, 0
In08, Run: 038, F, 0, 0
In08, Run: 039, F, 0, 0
In08, Run: 040, F, 0, 0
In08, Run: 041, F, 0, 0
In08, Run: 042, F, 0, 0
In08, Run: 043, F, 0, 0
In08, Run: 044, F, 0, 0
In08, Run: 045, F, 0, 0
In08, Run: 046, F, 0, 0
In08, Run: 047, F, 0, 0
In08, Run: 048, F, 0, 0
In08, Run: 049, F, 0, 0
In08, Run: 050, F, 0, 0
In08, Run: 051, F, 0, 0
In08, Run: 052, F, 0, 0
In08, Run: 053, F, 0, 0
In08, Run: 054, F, 0, 0
In08, Run: 055, F, 0, 0
In08, Run: 056, F, 0, 0
In08, Run: 057, F, 0, 0
In08, Run: 058, F, 0, 0
In08, Run: 059, F, 0, 0
In08, Run: 060, F, 0, 0
In08, Run: 061, F, 0, 0
In08, Run: 062, F, 0, 0
In08, Run: 063, F, 0, 0
In08, Run: 064, F, 0, 0
In08, Run: 065, F, 0, 0
In08, Run: 066, F, 0, 0
In08, Run: 067, F, 0, 0
In08, Run: 068, F, 0, 0
In08, Run: 069, F, 0, 0
In08, Run: 070, F, 0, 0
In08, Run: 071, F, 0, 0
In08, Run: 072, F, 0, 0
In08, Run: 073, F, 0, 0
In08, Run: 074, F, 0, 0
In08, Run: 075, F, 0, 0
In08, Run: 076, F, 0, 0
In08, Run: 077, F, 0, 0
In08, Run: 078, F, 0, 0
In08, Run: 079, F, 0, 0
In08, Run: 080, F, 0, 0
In08, Run: 081, F, 0, 0
In08, Run: 082, F, 0, 0
In08, Run: 083, F, 0, 0
In08, Run: 084, F, 0, 0
In08, Run: 085, F, 0, 0
In08, Run: 086, F, 0, 0
In08, Run: 087, F, 0, 0
In08, Run: 088, F, 0, 0
In08, Run: 089, F, 0, 0
In08, Run: 090, F, 0, 0
In08, Run: 091, F, 0, 0
In08, Run: 092, F, 0, 0
In08, Run: 093, F, 0, 0
In08, Run: 094, F, 0, 0
In08, Run: 095, F, 0, 0
In08, Run: 096, F, 0, 0
In08, Run: 097, F, 0, 0
In08, Run: 098, F, 0, 0
In08, Run: 099, F, 0, 0
In08, Run: 100, F, 0, 0
In09, Run: 001, F, 0, 0
In09, Run: 002, F, 0, 0
In09, Run: 003, F, 0, 0
In09, Run: 004, F, 0, 0
In09, Run: 005, F, 0, 0
In09, Run: 006, F, 0, 0
In09, Run: 007, F, 0, 0
In09, Run: 008, F, 0, 0
In09, Run: 009, F, 0, 0
In09, Run: 010, F, 0, 0
In09, Run: 011, F, 0, 0
In09, Run: 012, F, 0, 0
In09, Run: 013, F, 0, 0
In09, Run: 014, F, 0, 0
In09, Run: 015, F, 0, 0
In09, Run: 016, F, 0, 0
In09, Run: 017, F, 0, 0
In09, Run: 018, F, 0, 0
In09, Run: 019, F, 0, 0
In09, Run: 020, F, 0, 0
In09, Run: 021, F, 0, 0
In09, Run: 022, F, 0, 0
In09, Run: 023, F, 0, 0
In09, Run: 024, F, 0, 0
In09, Run: 025, F, 0, 0
In09, Run: 026, F, 0, 0
In09, Run: 027, F, 0, 0
In09, Run: 028, F, 0, 0
In09, Run: 029, F, 0, 0
In09, Run: 030, F, 0, 0
In09, Run: 031, F, 0, 0
In09, Run: 032, F, 0, 0
In09, Run: 033, F, 0, 0
In09, Run: 034, F, 0, 0
In09, Run: 035, F, 0, 0
In09, Run: 036, F, 0, 0
In09, Run: 037, F, 0, 0
In09, Run: 038, F, 0, 0
In09, Run: 039, F, 0, 0
In09, Run: 040, F, 0, 0
In09, Run: 041, F, 0, 0
In09, Run: 042, F, 0, 0
In09, Run: 043, F, 0, 0
In09, Run: 044, F, 0, 0
In09, Run: 045, F, 0, 0
In09, Run: 046, F, 0, 0
In09, Run: 047, F, 0, 0
In09, Run: 048, F, 0, 0
In09, Run: 049, F, 0, 0
In09, Run: 050, F, 0, 0
In09, Run: 051, F, 0, 0
In09, Run: 052, F, 0, 0
In09, Run: 053, F, 0, 0
In09, Run: 054, F, 0, 0
In09, Run: 055, F, 0, 0
In09, Run: 056, F, 0, 0
In09, Run: 057, F, 0, 0
In09, Run: 058, F, 0, 0
In09, Run: 059, F, 0, 0
In09, Run: 060, F, 0, 0
In09, Run: 061, F, 0, 0
In09, Run: 062, F, 0, 0
In09, Run: 063, F, 0, 0
In09, Run: 064, F, 0, 0
In09, Run: 065, F, 0, 0
In09, Run: 066, F, 0, 0
In09, Run: 067, F, 0, 0
In09, Run: 068, F, 0, 0
In09, Run: 069, F, 0, 0
In09, Run: 070, F, 0, 0
In09, Run: 071, F, 0, 0
In09, Run: 072, F, 0, 0
In09, Run: 073, F, 0, 0
In09, Run: 074, F, 0, 0
In09, Run: 075, F, 0, 0
In09, Run: 076, F, 0, 0
In09, Run: 077, F, 0, 0
In09, Run: 078, F, 0, 0
In09, Run: 079, F, 0, 0
In09, Run: 080, F, 0, 0
In09, Run: 081, F, 0, 0
In09, Run: 082, F, 0, 0
In09, Run: 083, F, 0, 0
In09, Run: 084, F, 0, 0
In09, Run: 085, F, 0, 0
In09, Run: 086, F, 0, 0
In09, Run: 087, F, 0, 0
In09, Run: 088, F, 0, 0
In09, Run: 089, F, 0, 0
In09, Run: 090, F, 0, 0
In09, Run: 091, F, 0, 0
In09, Run: 092, F, 0, 0
In09, Run: 093, F, 0, 0
In09, Run: 094, F, 0, 0
In09, Run: 095, F, 0, 0
In09, Run: 096, F, 0, 0
In09, Run: 097, F, 0, 0
In09, Run: 098, F, 0, 0
In09, Run: 099, F, 0, 0
In09, Run: 100, F, 0, 0
In10, Run: 001, F, 42, 0
In10, Run: 002, F, 42, 0
In10, Run: 003, F, 42, 0
In10, Run: 004, F, 42, 0
In10, Run: 005, F, 42, 0
In10, Run: 006, F, 42, 0
In10, Run: 007, F, 42, 0
In10, Run: 008, F, 42, 0
In10, Run: 009, F, 42, 0
In10, Run: 010, F, 42, 0
In10, Run: 011, F, 42, 0
In10, Run: 012, F, 42, 0
In10, Run: 013, F, 42, 0
In10, Run: 014, F, 42, 0
In10, Run: 015, F, 42, 0
In10, Run: 016, F, 42, 0
In10, Run: 017, F, 42, 0
In10, Run: 018, F, 42, 0
In10, Run: 019, F, 42, 0
In10, Run: 020, F, 42, 0
In10, Run: 021, F, 42, 0
In10, Run: 022, F, 42, 0
In10, Run: 023, F, 42, 0
In10, Run: 024, F, 42, 0
In10, Run: 025, F, 42, 0
In10, Run: 026, F, 42, 0
In10, Run: 027, F, 42, 0
In10, Run: 028, F, 42, 0
In10, Run: 029, F, 42, 0
In10, Run: 030, F, 42, 0
In10, Run: 031, F, 42, 0
In10, Run: 032, F, 42, 0
In10, Run: 033, F, 42, 0
In10, Run: 034, F, 42, 0
In10, Run: 035, F, 42, 0
In10, Run: 036, F, 42, 0
In10, Run: 037, F, 42, 0
In10, Run: 038, F, 42, 0
In10, Run: 039, F, 42, 0
In10, Run: 040, F, 42, 0
In10, Run: 041, F, 42, 0
In10, Run: 042, F, 42, 0
In10, Run: 043, F, 42, 0
In10, Run: 044, F, 42, 0
In10, Run: 045, F, 42, 0
In10, Run: 046, F, 42, 0
In10, Run: 047, F, 42, 0
In10, Run: 048, F, 42, 0
In10, Run: 049, F, 42, 0
In10, Run: 050, F, 42, 0
In10, Run: 051, F, 42, 0
In10, Run: 052, F, 42, 0
In10, Run: 053, F, 42, 0
In10, Run: 054, F, 42, 0
In10, Run: 055, F, 42, 0
In10, Run: 056, F, 42, 0
In10, Run: 057, F, 42, 0
In10, Run: 058, F, 42, 0
In10, Run: 059, F, 42, 0
In10, Run: 060, F, 42, 0
In10, Run: 061, F, 42, 0
In10, Run: 062, F, 42, 0
In10, Run: 063, F, 42, 0
In10, Run: 064, F, 42, 0
In10, Run: 065, F, 42, 0
In10, Run: 066, F, 42, 0
In10, Run: 067, F, 42, 0
In10, Run: 068, F, 42, 0
In10, Run: 069, F, 42, 0
In10, Run: 070, F, 42, 0
In10, Run: 071, F, 42, 0
In10, Run: 072, F, 42, 0
In10, Run: 073, F, 42, 0
In10, Run: 074, F, 42, 0
In10, Run: 075, F, 42, 0
In10, Run: 076, F, 42, 0
In10, Run: 077, F, 42, 0
In10, Run: 078, F, 42, 0
In10, Run: 079, F, 42, 0
In10, Run: 080, F, 42, 0
In10, Run: 081, F, 42, 0
In10, Run: 082, F, 42, 0
In10, Run: 083, F, 42, 0
In10, Run: 084, F, 42, 0
In10, Run: 085, F, 42, 0
In10, Run: 086, F, 42, 0
In10, Run: 087, F, 42, 0
In10, Run: 088, F, 42, 0
In10, Run: 089, F, 42, 0
In10, Run: 090, F, 42, 0
In10, Run: 091, F, 42, 0
In10, Run: 092, F, 42, 0
In10, Run: 093, F, 42, 0
In10, Run: 094, F, 42, 0
In10, Run: 095, F, 42, 0
In10, Run: 096, F, 42, 0
In10, Run: 097, F, 42, 0
In10, Run: 098, F, 42, 0
In10, Run: 099, F, 42, 0
In10, Run: 100, F, 42, 0
In11, Run: 001, F, 58, 0
In11, Run: 002, F, 58, 0
In11, Run: 003, F, 58, 0
In11, Run: 004, F, 58, 0
In11, Run: 005, F, 58, 0
In11, Run: 006, F, 58, 0
In11, Run: 007, F, 58, 0
In11, Run: 008, F, 58, 0
In11, Run: 009, F, 58, 0
In11, Run: 010, F, 58, 0
In11, Run: 011, F, 58, 0
In11, Run: 012, F, 58, 0
In11, Run: 013, F, 58, 0
In11, Run: 014, F, 58, 0
In11, Run: 015, F, 58, 0
In11, Run: 016, F, 58, 0
In11, Run: 017, F, 58, 0
In11, Run: 018, F, 58, 0
In11, Run: 019, F, 58, 0
In11, Run: 020, F, 58, 0
In11, Run: 021, F, 58, 0
In11, Run: 022, F, 58, 0
In11, Run: 023, F, 58, 0
In11, Run: 024, F, 58, 0
In11, Run: 025, F, 58, 0
In11, Run: 026, F, 58, 0
In11, Run: 027, F, 58, 0
In11, Run: 028, F, 58, 0
In11, Run: 029, F, 58, 0
In11, Run: 030, F, 58, 0
In11, Run: 031, F, 58, 0
In11, Run: 032, F, 58, 0
In11, Run: 033, F, 58, 0
In11, Run: 034, F, 58, 0
In11, Run: 035, F, 58, 0
In11, Run: 036, F, 58, 0
In11, Run: 037, F, 58, 0
In11, Run: 038, F, 58, 0
In11, Run: 039, F, 58, 0
In11, Run: 040, F, 58, 0
In11, Run: 041, F, 58, 0
In11, Run: 042, F, 58, 0
In11, Run: 043, F, 58, 0
In11, Run: 044, F, 58, 0
In11, Run: 045, F, 58, 0
In11, Run: 046, F, 58, 0
In11, Run: 047, F, 58, 0
In11, Run: 048, F, 58, 0
In11, Run: 049, F, 58, 0
In11, Run: 050, F, 58, 0
In11, Run: 051, F, 58, 0
In11, Run: 052, F, 58, 0
In11, Run: 053, F, 58, 0
In11, Run: 054, F, 58, 0
In11, Run: 055, F, 58, 0
In11, Run: 056, F, 58, 0
In11, Run: 057, F, 58, 0
In11, Run: 058, F, 58, 0
In11, Run: 059, F, 58, 0
In11, Run: 060, F, 58, 0
In11, Run: 061, F, 58, 0
In11, Run: 062, F, 58, 0
In11, Run: 063, F, 58, 0
In11, Run: 064, F, 58, 0
In11, Run: 065, F, 58, 0
In11, Run: 066, F, 58, 0
In11, Run: 067, F, 58, 0
In11, Run: 068, F, 58, 0
In11, Run: 069, F, 58, 0
In11, Run: 070, F, 58, 0
In11, Run: 071, F, 58, 0
In11, Run: 072, F, 58, 0
In11, Run: 073, F, 58, 0
In11, Run: 074, F, 58, 0
In11, Run: 075, F, 58, 0
In11, Run: 076, F, 58, 0
In11, Run: 077, F, 58, 0
In11, Run: 078, F, 58, 0
In11, Run: 079, F, 58, 0
In11, Run: 080, F, 58, 0
In11, Run: 081, F, 58, 0
In11, Run: 082, F, 58, 0
In11, Run: 083, F, 58, 0
In11, Run: 084, F, 58, 0
In11, Run: 085, F, 58, 0
In11, Run: 086, F, 58, 0
In11, Run: 087, F, 58, 0
In11, Run: 088, F, 58, 0
In11, Run: 089, F, 58, 0
In11, Run: 090, F, 58, 0
In11, Run: 091, F, 58, 0
In11, Run: 092, F, 58, 0
In11, Run: 093, F, 58, 0
In11, Run: 094, F, 58, 0
In11, Run: 095, F, 58, 0
In11, Run: 096, F, 58, 0
In11, Run: 097, F, 58, 0
In11, Run: 098, F, 58, 0
In11, Run: 099, F, 58, 0
In11, Run: 100, F, 58, 0
In12, Run: 001, F, 130, 0
In12, Run: 002, F, 130, 0
In12, Run: 003, F, 130, 0
In12, Run: 004, F, 130, 0
In12, Run: 005, F, 130, 0
In12, Run: 006, F, 130, 0
In12, Run: 007, F, 130, 0
In12, Run: 008, F, 130, 0
In12, Run: 009, F, 130, 0
In12, Run: 010, F, 130, 0
In12, Run: 011, F, 130, 0
In12, Run: 012, F, 130, 0
In12, Run: 013, F, 130, 0
In12, Run: 014, F, 130, 0
In12, Run: 015, F, 130, 0
In12, Run: 016, F, 130, 0
In12, Run: 017, F, 130, 0
In12, Run: 018, F, 130, 0
In12, Run: 019, F, 130, 0
In12, Run: 020, F, 130, 0
In12, Run: 021, F, 130, 0
In12, Run: 022, F, 130, 0
In12, Run: 023, F, 130, 0
In12, Run: 024, F, 130, 0
In12, Run: 025, F, 130, 0
In12, Run: 026, F, 130, 0
In12, Run: 027, F, 130, 0
In12, Run: 028, F, 130, 0
In12, Run: 029, F, 130, 0
In12, Run: 030, F, 130, 0
In12, Run: 031, F, 130, 0
In12, Run: 032, F, 130, 0
In12, Run: 033, F, 130, 0
In12, Run: 034, F, 130, 0
In12, Run: 035, F, 130, 0
In12, Run: 036, F, 130, 0
In12, Run: 037, F, 130, 0
In12, Run: 038, F, 130, 0
In12, Run: 039, F, 130, 0
In12, Run: 040, F, 130, 0
In12, Run: 041, F, 130, 0
In12, Run: 042, F, 130, 0
In12, Run: 043, F, 130, 0
In12, Run: 044, F, 130, 0
In12, Run: 045, F, 130, 0
In12, Run: 046, F, 130, 0
In12, Run: 047, F, 130, 0
In12, Run: 048, F, 130, 0
In12, Run: 049, F, 130, 0
In12, Run: 050, F, 130, 0
In12, Run: 051, F, 130, 0
In12, Run: 052, F, 130, 0
In12, Run: 053, F, 130, 0
In12, Run: 054, F, 130, 0
In12, Run: 055, F, 130, 0
In12, Run: 056, F, 130, 0
In12, Run: 057, F, 130, 0
In12, Run: 058, F, 130, 0
In12, Run: 059, F, 130, 0
In12, Run: 060, F, 130, 0
In12, Run: 061, F, 130, 0
In12, Run: 062, F, 130, 0
In12, Run: 063, F, 130, 0
In12, Run: 064, F, 130, 0
In12, Run: 065, F, 130, 0
In12, Run: 066, F, 130, 0
In12, Run: 067, F, 130, 0
In12, Run: 068, F, 130, 0
In12, Run: 069, F, 130, 0
In12, Run: 070, F, 130, 0
In12, Run: 071, F, 130, 0
In12, Run: 072, F, 130, 0
In12, Run: 073, F, 130, 0
In12, Run: 074, F, 130, 0
In12, Run: 075, F, 130, 0
In12, Run: 076, F, 130, 0
In12, Run: 077, F, 130, 0
In12, Run: 078, F, 130, 0
In12, Run: 079, F, 130, 0
In12, Run: 080, F, 130, 0
In12, Run: 081, F, 130, 0
In12, Run: 082, F, 130, 0
In12, Run: 083, F, 130, 0
In12, Run: 084, F, 130, 0
In12, Run: 085, F, 130, 0
In12, Run: 086, F, 130, 0
In12, Run: 087, F, 130, 0
In12, Run: 088, F, 130, 0
In12, Run: 089, F, 130, 0
In12, Run: 090, F, 130, 0
In12, Run: 091, F, 130, 0
In12, Run: 092, F, 130, 0
In12, Run: 093, F, 130, 0
In12, Run: 094, F, 130, 0
In12, Run: 095, F, 130, 0
In12, Run: 096, F, 130, 0
In12, Run: 097, F, 130, 0
In12, Run: 098, F, 130, 0
In12, Run: 099, F, 130, 0
In12, Run: 100, F, 130, 0
In13, Run: 001, F, 5, 0
In13, Run: 002, F, 5, 0
In13, Run: 003, F, 5, 0
In13, Run: 004, F, 5, 0
In13, Run: 005, F, 5, 0
In13, Run: 006, F, 5, 0
In13, Run: 007, F, 5, 0
In13, Run: 008, F, 5, 0
In13, Run: 009, F, 5, 0
In13, Run: 010, F, 5, 0
In13, Run: 011, F, 5, 0
In13, Run: 012, F, 5, 0
In13, Run: 013, F, 5, 0
In13, Run: 014, F, 5, 0
In13, Run: 015, F, 5, 0
In13, Run: 016, F, 5, 0
In13, Run: 017, F, 5, 0
In13, Run: 018, F, 5, 0
In13, Run: 019, F, 5, 0
In13, Run: 020, F, 5, 0
In13, Run: 021, F, 5, 0
In13, Run: 022, F, 5, 0
In13, Run: 023, F, 5, 0
In13, Run: 024, F, 5, 0
In13, Run: 025, F, 5, 0
In13, Run: 026, F, 5, 0
In13, Run: 027, F, 5, 0
In13, Run: 028, F, 5, 0
In13, Run: 029, F, 5, 0
In13, Run: 030, F, 5, 0
In13, Run: 031, F, 5, 0
In13, Run: 032, F, 5, 0
In13, Run: 033, F, 5, 0
In13, Run: 034, F, 5, 0
In13, Run: 035, F, 5, 0
In13, Run: 036, F, 5, 0
In13, Run: 037, F, 5, 0
In13, Run: 038, F, 5, 0
In13, Run: 039, F, 5, 0
In13, Run: 040, F, 5, 0
In13, Run: 041, F, 5, 0
In13, Run: 042, F, 5, 0
In13, Run: 043, F, 5, 0
In13, Run: 044, F, 5, 0
In13, Run: 045, F, 5, 0
In13, Run: 046, F, 5, 0
In13, Run: 047, F, 5, 0
In13, Run: 048, F, 5, 0
In13, Run: 049, F, 5, 0
In13, Run: 050, F, 5, 0
In13, Run: 051, F, 5, 0
In13, Run: 052, F, 5, 0
In13, Run: 053, F, 5, 0
In13, Run: 054, F, 5, 0
In13, Run: 055, F, 5, 0
In13, Run: 056, F, 5, 0
In13, Run: 057, F, 5, 0
In13, Run: 058, F, 5, 0
In13, Run: 059, F, 5, 0
In13, Run: 060, F, 5, 0
In13, Run: 061, F, 5, 0
In13, Run: 062, F, 5, 0
In13, Run: 063, F, 5, 0
In13, Run: 064, F, 5, 0
In13, Run: 065, F, 5, 0
In13, Run: 066, F, 5, 0
In13, Run: 067, F, 5, 0
In13, Run: 068, F, 5, 0
In13, Run: 069, F, 5, 0
In13, Run: 070, F, 5, 0
In13, Run: 071, F, 5, 0
In13, Run: 072, F, 5, 0
In13, Run: 073, F, 5, 0
In13, Run: 074, F, 5, 0
In13, Run: 075, F, 5, 0
In13, Run: 076, F, 5, 0
In13, Run: 077, F, 5, 0
In13, Run: 078, F, 5, 0
In13, Run: 079, F, 5, 0
In13, Run: 080, F, 5, 0
In13, Run: 081, F, 5, 0
In13, Run: 082, F, 5, 0
In13, Run: 083, F, 5, 0
In13, Run: 084, F, 5, 0
In13, Run: 085, F, 5, 0
In13, Run: 086, F, 5, 0
In13, Run: 087, F, 5, 0
In13, Run: 088, F, 5, 0
In13, Run: 089, F, 5, 0
In13, Run: 090, F, 5, 0
In13, Run: 091, F, 5, 0
In13, Run: 092, F, 5, 0
In13, Run: 093, F, 5, 0
In13, Run: 094, F, 5, 0
In13, Run: 095, F, 5, 0
In13, Run: 096, F, 5, 0
In13, Run: 097, F, 5, 0
In13, Run: 098, F, 5, 0
In13, Run: 099, F, 5, 0
In13, Run: 100, F, 5, 0
In14, Run: 001, F, 86, 0
In14, Run: 002, F, 86, 0
In14, Run: 003, F, 86, 0
In14, Run: 004, F, 86, 0
In14, Run: 005, F, 86, 0
In14, Run: 006, F, 86, 0
In14, Run: 007, F, 86, 0
In14, Run: 008, F, 86, 0
In14, Run: 009, F, 86, 0
In14, Run: 010, F, 86, 0
In14, Run: 011, F, 86, 0
In14, Run: 012, F, 86, 0
In14, Run: 013, F, 86, 0
In14, Run: 014, F, 86, 0
In14, Run: 015, F, 86, 0
In14, Run: 016, F, 86, 0
In14, Run: 017, F, 86, 0
In14, Run: 018, F, 86, 0
In14, Run: 019, F, 86, 0
In14, Run: 020, F, 86, 0
In14, Run: 021, F, 86, 0
In14, Run: 022, F, 86, 0
In14, Run: 023, F, 86, 0
In14, Run: 024, F, 86, 0
In14, Run: 025, F, 86, 0
In14, Run: 026, F, 86, 0
In14, Run: 027, F, 86, 0
In14, Run: 028, F, 86, 0
In14, Run: 029, F, 86, 0
In14, Run: 030, F, 86, 0
In14, Run: 031, F, 86, 0
In14, Run: 032, F, 86, 0
In14, Run: 033, F, 86, 0
In14, Run: 034, F, 86, 0
In14, Run: 035, F, 86, 0
In14, Run: 036, F, 86, 0
In14, Run: 037, F, 86, 0
In14, Run: 038, F, 86, 0
In14, Run: 039, F, 86, 0
In14, Run: 040, F, 86, 0
In14, Run: 041, F, 86, 0
In14, Run: 042, F, 86, 0
In14, Run: 043, F, 86, 0
In14, Run: 044, F, 86, 0
In14, Run: 045, F, 86, 0
In14, Run: 046, F, 86, 0
In14, Run: 047, F, 86, 0
In14, Run: 048, F, 86, 0
In14, Run: 049, F, 86, 0
In14, Run: 050, F, 86, 0
In14, Run: 051, F, 86, 0
In14, Run: 052, F, 86, 0
In14, Run: 053, F, 86, 0
In14, Run: 054, F, 86, 0
In14, Run: 055, F, 86, 0
In14, Run: 056, F, 86, 0
In14, Run: 057, F, 86, 0
In14, Run: 058, F, 86, 0
In14, Run: 059, F, 86, 0
In14, Run: 060, F, 86, 0
In14, Run: 061, F, 86, 0
In14, Run: 062, F, 86, 0
In14, Run: 063, F, 86, 0
In14, Run: 064, F, 86, 0
In14, Run: 065, F, 86, 0
In14, Run: 066, F, 86, 0
In14, Run: 067, F, 86, 0
In14, Run: 068, F, 86, 0
In14, Run: 069, F, 86, 0
In14, Run: 070, F, 86, 0
In14, Run: 071, F, 86, 0
In14, Run: 072, F, 86, 0
In14, Run: 073, F, 86, 0
In14, Run: 074, F, 86, 0
In14, Run: 075, F, 86, 0
In14, Run: 076, F, 86, 0
In14, Run: 077, F, 86, 0
In14, Run: 078, F, 86, 0
In14, Run: 079, F, 86, 0
In14, Run: 080, F, 86, 0
In14, Run: 081, F, 86, 0
In14, Run: 082, F, 86, 0
In14, Run: 083, F, 86, 0
In14, Run: 084, F, 86, 0
In14, Run: 085, F, 86, 0
In14, Run: 086, F, 86, 0
In14, Run: 087, F, 86, 0
In14, Run: 088, F, 86, 0
In14, Run: 089, F, 86, 0
In14, Run: 090, F, 86, 0
In14, Run: 091, F, 86, 0
In14, Run: 092, F, 86, 0
In14, Run: 093, F, 86, 0
In14, Run: 094, F, 86, 0
In14, Run: 095, F, 86, 0
In14, Run: 096, F, 86, 0
In14, Run: 097, F, 86, 0
In14, Run: 098, F, 86, 0
In14, Run: 099, F, 86, 0
In14, Run: 100, F, 86, 0
In15, Run: 001, F, 162, 0
In15, Run: 002, F, 162, 0
In15, Run: 003, F, 162, 0
In15, Run: 004, F, 162, 0
In15, Run: 005, F, 162, 0
In15, Run: 006, F, 162, 0
In15, Run: 007, F, 162, 0
In15, Run: 008, F, 162, 0
In15, Run: 009, F, 162, 0
In15, Run: 010, F, 162, 0
In15, Run: 011, F, 162, 0
In15, Run: 012, F, 162, 0
In15, Run: 013, F, 162, 0
In15, Run: 014, F, 162, 0
In15, Run: 015, F, 162, 0
In15, Run: 016, F, 162, 0
In15, Run: 017, F, 162, 0
In15, Run: 018, F, 162, 0
In15, Run: 019, F, 162, 0
In15, Run: 020, F, 162, 0
In15, Run: 021, F, 162, 0
In15, Run: 022, F, 162, 0
In15, Run: 023, F, 162, 0
In15, Run: 024, F, 162, 0
In15, Run: 025, F, 162, 0
In15, Run: 026, F, 162, 0
In15, Run: 027, F, 162, 0
In15, Run: 028, F, 162, 0
In15, Run: 029, F, 162, 0
In15, Run: 030, F, 162, 0
In15, Run: 031, F, 162, 0
In15, Run: 032, F, 162, 0
In15, Run: 033, F, 162, 0
In15, Run: 034, F, 162, 0
In15, Run: 035, F, 162, 0
In15, Run: 036, F, 162, 0
In15, Run: 037, F, 162, 0
In15, Run: 038, F, 162, 0
In15, Run: 039, F, 162, 0
In15, Run: 040, F, 162, 0
In15, Run: 041, F, 162, 0
In15, Run: 042, F, 162, 0
In15, Run: 043, F, 162, 0
In15, Run: 044, F, 162, 0
In15, Run: 045, F, 162, 0
In15, Run: 046, F, 162, 0
In15, Run: 047, F, 162, 0
In15, Run: 048, F, 162, 0
In15, Run: 049, F, 162, 0
In15, Run: 050, F, 162, 0
In15, Run: 051, F, 162, 0
In15, Run: 052, F, 162, 0
In15, Run: 053, F, 162, 0
In15, Run: 054, F, 162, 0
In15, Run: 055, F, 162, 0
In15, Run: 056, F, 162, 0
In15, Run: 057, F, 162, 0
In15, Run: 058, F, 162, 0
In15, Run: 059, F, 162, 0
In15, Run: 060, F, 162, 0
In15, Run: 061, F, 162, 0
In15, Run: 062, F, 162, 0
In15, Run: 063, F, 162, 0
In15, Run: 064, F, 162, 0
In15, Run: 065, F, 162, 0
In15, Run: 066, F, 162, 0
In15, Run: 067, F, 162, 0
In15, Run: 068, F, 162, 0
In15, Run: 069, F, 162, 0
In15, Run: 070, F, 162, 0
In15, Run: 071, F, 162, 0
In15, Run: 072, F, 162, 0
In15, Run: 073, F, 162, 0
In15, Run: 074, F, 162, 0
In15, Run: 075, F, 162, 0
In15, Run: 076, F, 162, 0
In15, Run: 077, F, 162, 0
In15, Run: 078, F, 162, 0
In15, Run: 079, F, 162, 0
In15, Run: 080, F, 162, 0
In15, Run: 081, F, 162, 0
In15, Run: 082, F, 162, 0
In15, Run: 083, F, 162, 0
In15, Run: 084, F, 162, 0
In15, Run: 085, F, 162, 0
In15, Run: 086, F, 162, 0
In15, Run: 087, F, 162, 0
In15, Run: 088, F, 162, 0
In15, Run: 089, F, 162, 0
In15, Run: 090, F, 162, 0
In15, Run: 091, F, 162, 0
In15, Run: 092, F, 162, 0
In15, Run: 093, F, 162, 0
In15, Run: 094, F, 162, 0
In15, Run: 095, F, 162, 0
In15, Run: 096, F, 162, 0
In15, Run: 097, F, 162, 0
In15, Run: 098, F, 162, 0
In15, Run: 099, F, 162, 0
In15, Run: 100, F, 162, 0
In17, Run: 001, F, 65, 0
In17, Run: 002, F, 65, 0
In17, Run: 003, F, 65, 0
In17, Run: 004, F, 65, 0
In17, Run: 005, F, 65, 0
In17, Run: 006, F, 65, 0
In17, Run: 007, F, 65, 0
In17, Run: 008, F, 65, 0
In17, Run: 009, F, 65, 0
In17, Run: 010, F, 65, 0
In17, Run: 011, F, 65, 0
In17, Run: 012, F, 65, 0
In17, Run: 013, F, 65, 0
In17, Run: 014, F, 65, 0
In17, Run: 015, F, 65, 0
In17, Run: 016, F, 65, 0
In17, Run: 017, F, 65, 0
In17, Run: 018, F, 65, 0
In17, Run: 019, F, 65, 0
In17, Run: 020, F, 65, 0
In17, Run: 021, F, 65, 0
In17, Run: 022, F, 65, 0
In17, Run: 023, F, 65, 0
In17, Run: 024, F, 65, 0
In17, Run: 025, F, 65, 0
In17, Run: 026, F, 65, 0
In17, Run: 027, F, 65, 0
In17, Run: 028, F, 65, 0
In17, Run: 029, F, 65, 0
In17, Run: 030, F, 65, 0
In17, Run: 031, F, 65, 0
In17, Run: 032, F, 65, 0
In17, Run: 033, F, 65, 0
In17, Run: 034, F, 65, 0
In17, Run: 035, F, 65, 0
In17, Run: 036, F, 65, 0
In17, Run: 037, F, 65, 0
In17, Run: 038, F, 65, 0
In17, Run: 039, F, 65, 0
In17, Run: 040, F, 65, 0
In17, Run: 041, F, 65, 0
In17, Run: 042, F, 65, 0
In17, Run: 043, F, 65, 0
In17, Run: 044, F, 65, 0
In17, Run: 045, F, 65, 0
In17, Run: 046, F, 65, 0
In17, Run: 047, F, 65, 0
In17, Run: 048, F, 65, 0
In17, Run: 049, F, 65, 0
In17, Run: 050, F, 65, 0
In17, Run: 051, F, 65, 0
In17, Run: 052, F, 65, 0
In17, Run: 053, F, 65, 0
In17, Run: 054, F, 65, 0
In17, Run: 055, F, 65, 0
In17, Run: 056, F, 65, 0
In17, Run: 057, F, 65, 0
In17, Run: 058, F, 65, 0
In17, Run: 059, F, 65, 0
In17, Run: 060, F, 65, 0
In17, Run: 061, F, 65, 0
In17, Run: 062, F, 65, 0
In17, Run: 063, F, 65, 0
In17, Run: 064, F, 65, 0
In17, Run: 065, F, 65, 0
In17, Run: 066, F, 65, 0
In17, Run: 067, F, 65, 0
In17, Run: 068, F, 65, 0
In17, Run: 069, F, 65, 0
In17, Run: 070, F, 65, 0
In17, Run: 071, F, 65, 0
In17, Run: 072, F, 65, 0
In17, Run: 073, F, 65, 0
In17, Run: 074, F, 65, 0
In17, Run: 075, F, 65, 0
In17, Run: 076, F, 65, 0
In17, Run: 077, F, 65, 0
In17, Run: 078, F, 65, 0
In17, Run: 079, F, 65, 0
In17, Run: 080, F, 65, 0
In17, Run: 081, F, 65, 0
In17, Run: 082, F, 65, 0
In17, Run: 083, F, 65, 0
In17, Run: 084, F, 65, 0
In17, Run: 085, F, 65, 0
In17, Run: 086, F, 65, 0
In17, Run: 087, F, 65, 0
In17, Run: 088, F, 65, 0
In17, Run: 089, F, 65, 0
In17, Run: 090, F, 65, 0
In17, Run: 091, F, 65, 0
In17, Run: 092, F, 65, 0
In17, Run: 093, F, 65, 0
In17, Run: 094, F, 65, 0
In17, Run: 095, F, 65, 0
In17, Run: 096, F, 65, 0
In17, Run: 097, F, 65, 0
In17, Run: 098, F, 65, 0
In17, Run: 099, F, 65, 0
In17, Run: 100, F, 65, 0
In19, Run: 001, F, 0, 0
In19, Run: 002, F, 0, 0
In19, Run: 003, F, 0, 0
In19, Run: 004, F, 0, 0
In19, Run: 005, F, 0, 0
In19, Run: 006, F, 0, 0
In19, Run: 007, F, 0, 0
In19, Run: 008, F, 0, 0
In19, Run: 009, F, 0, 0
In19, Run: 010, F, 0, 0
In19, Run: 011, F, 0, 0
In19, Run: 012, F, 0, 0
In19, Run: 013, F, 0, 0
In19, Run: 014, F, 0, 0
In19, Run: 015, F, 0, 0
In19, Run: 016, F, 0, 0
In19, Run: 017, F, 0, 0
In19, Run: 018, F, 0, 0
In19, Run: 019, F, 0, 0
In19, Run: 020, F, 0, 0
In19, Run: 021, F, 0, 0
In19, Run: 022, F, 0, 0
In19, Run: 023, F, 0, 0
In19, Run: 024, F, 0, 0
In19, Run: 025, F, 0, 0
In19, Run: 026, F, 0, 0
In19, Run: 027, F, 0, 0
In19, Run: 028, F, 0, 0
In19, Run: 029, F, 0, 0
In19, Run: 030, F, 0, 0
In19, Run: 031, F, 0, 0
In19, Run: 032, F, 0, 0
In19, Run: 033, F, 0, 0
In19, Run: 034, F, 0, 0
In19, Run: 035, F, 0, 0
In19, Run: 036, F, 0, 0
In19, Run: 037, F, 0, 0
In19, Run: 038, F, 0, 0
In19, Run: 039, F, 0, 0
In19, Run: 040, F, 0, 0
In19, Run: 041, F, 0, 0
In19, Run: 042, F, 0, 0
In19, Run: 043, F, 0, 0
In19, Run: 044, F, 0, 0
In19, Run: 045, F, 0, 0
In19, Run: 046, F, 0, 0
In19, Run: 047, F, 0, 0
In19, Run: 048, F, 0, 0
In19, Run: 049, F, 0, 0
In19, Run: 050, F, 0, 0
In19, Run: 051, F, 0, 0
In19, Run: 052, F, 0, 0
In19, Run: 053, F, 0, 0
In19, Run: 054, F, 0, 0
In19, Run: 055, F, 0, 0
In19, Run: 056, F, 0, 0
In19, Run: 057, F, 0, 0
In19, Run: 058, F, 0, 0
In19, Run: 059, F, 0, 0
In19, Run: 060, F, 0, 0
In19, Run: 061, F, 0, 0
In19, Run: 062, F, 0, 0
In19, Run: 063, F, 0, 0
In19, Run: 064, F, 0, 0
In19, Run: 065, F, 0, 0
In19, Run: 066, F, 0, 0
In19, Run: 067, F, 0, 0
In19, Run: 068, F, 0, 0
In19, Run: 069, F, 0, 0
In19, Run: 070, F, 0, 0
In19, Run: 071, F, 0, 0
In19, Run: 072, F, 0, 0
In19, Run: 073, F, 0, 0
In19, Run: 074, F, 0, 0
In19, Run: 075, F, 0, 0
In19, Run: 076, F, 0, 0
In19, Run: 077, F, 0, 0
In19, Run: 078, F, 0, 0
In19, Run: 079, F, 0, 0
In19, Run: 080, F, 0, 0
In19, Run: 081, F, 0, 0
In19, Run: 082, F, 0, 0
In19, Run: 083, F, 0, 0
In19, Run: 084, F, 0, 0
In19, Run: 085, F, 0, 0
In19, Run: 086, F, 0, 0
In19, Run: 087, F, 0, 0
In19, Run: 088, F, 0, 0
In19, Run: 089, F, 0, 0
In19, Run: 090, F, 0, 0
In19, Run: 091, F, 0, 0
In19, Run: 092, F, 0, 0
In19, Run: 093, F, 0, 0
In19, Run: 094, F, 0, 0
In19, Run: 095, F, 0, 0
In19, Run: 096, F, 0, 0
In19, Run: 097, F, 0, 0
In19, Run: 098, F, 0, 0
In19, Run: 099, F, 0, 0
In19, Run: 100, F, 0, 0
In20, Run: 001, F, 0, 0
In20, Run: 002, F, 0, 0
In20, Run: 003, F, 0, 0
In20, Run: 004, F, 0, 0
In20, Run: 005, F, 0, 0
In20, Run: 006, F, 0, 0
In20, Run: 007, F, 0, 0
In20, Run: 008, F, 0, 0
In20, Run: 009, F, 0, 0
In20, Run: 010, F, 0, 0
In20, Run: 011, F, 0, 0
In20, Run: 012, F, 0, 0
In20, Run: 013, F, 0, 0
In20, Run: 014, F, 0, 0
In20, Run: 015, F, 0, 0
In20, Run: 016, F, 0, 0
In20, Run: 017, F, 0, 0
In20, Run: 018, F, 0, 0
In20, Run: 019, F, 0, 0
In20, Run: 020, F, 0, 0
In20, Run: 021, F, 0, 0
In20, Run: 022, F, 0, 0
In20, Run: 023, F, 0, 0
In20, Run: 024, F, 0, 0
In20, Run: 025, F, 0, 0
In20, Run: 026, F, 0, 0
In20, Run: 027, F, 0, 0
In20, Run: 028, F, 0, 0
In20, Run: 029, F, 0, 0
In20, Run: 030, F, 0, 0
In20, Run: 031, F, 0, 0
In20, Run: 032, F, 0, 0
In20, Run: 033, F, 0, 0
In20, Run: 034, F, 0, 0
In20, Run: 035, F, 0, 0
In20, Run: 036, F, 0, 0
In20, Run: 037, F, 0, 0
In20, Run: 038, F, 0, 0
In20, Run: 039, F, 0, 0
In20, Run: 040, F, 0, 0
In20, Run: 041, F, 0, 0
In20, Run: 042, F, 0, 0
In20, Run: 043, F, 0, 0
In20, Run: 044, F, 0, 0
In20, Run: 045, F, 0, 0
In20, Run: 046, F, 0, 0
In20, Run: 047, F, 0, 0
In20, Run: 048, F, 0, 0
In20, Run: 049, F, 0, 0
In20, Run: 050, F, 0, 0
In20, Run: 051, F, 0, 0
In20, Run: 052, F, 0, 0
In20, Run: 053, F, 0, 0
In20, Run: 054, F, 0, 0
In20, Run: 055, F, 0, 0
In20, Run: 056, F, 0, 0
In20, Run: 057, F, 0, 0
In20, Run: 058, F, 0, 0
In20, Run: 059, F, 0, 0
In20, Run: 060, F, 0, 0
In20, Run: 061, F, 0, 0
In20, Run: 062, F, 0, 0
In20, Run: 063, F, 0, 0
In20, Run: 064, F, 0, 0
In20, Run: 065, F, 0, 0
In20, Run: 066, F, 0, 0
In20, Run: 067, F, 0, 0
In20, Run: 068, F, 0, 0
In20, Run: 069, F, 0, 0
In20, Run: 070, F, 0, 0
In20, Run: 071, F, 0, 0
In20, Run: 072, F, 0, 0
In20, Run: 073, F, 0, 0
In20, Run: 074, F, 0, 0
In20, Run: 075, F, 0, 0
In20, Run: 076, F, 0, 0
In20, Run: 077, F, 0, 0
In20, Run: 078, F, 0, 0
In20, Run: 079, F, 0, 0
In20, Run: 080, F, 0, 0
In20, Run: 081, F, 0, 0
In20, Run: 082, F, 0, 0
In20, Run: 083, F, 0, 0
In20, Run: 084, F, 0, 0
In20, Run: 085, F, 0, 0
In20, Run: 086, F, 0, 0
In20, Run: 087, F, 0, 0
In20, Run: 088, F, 0, 0
In20, Run: 089, F, 0, 0
In20, Run: 090, F, 0, 0
In20, Run: 091, F, 0, 0
In20, Run: 092, F, 0, 0
In20, Run: 093, F, 0, 0
In20, Run: 094, F, 0, 0
In20, Run: 095, F, 0, 0
In20, Run: 096, F, 0, 0
In20, Run: 097, F, 0, 0
In20, Run: 098, F, 0, 0
In20, Run: 099, F, 0, 0
In20, Run: 100, F, 0, 0
In21, Run: 001, F, 0, 0
In21, Run: 002, F, 0, 0
In21, Run: 003, F, 0, 0
In21, Run: 004, F, 0, 0
In21, Run: 005, F, 0, 0
In21, Run: 006, F, 0, 0
In21, Run: 007, F, 0, 0
In21, Run: 008, F, 0, 0
In21, Run: 009, F, 0, 0
In21, Run: 010, F, 0, 0
In21, Run: 011, F, 0, 0
In21, Run: 012, F, 0, 0
In21, Run: 013, F, 0, 0
In21, Run: 014, F, 0, 0
In21, Run: 015, F, 0, 0
In21, Run: 016, F, 0, 0
In21, Run: 017, F, 0, 0
In21, Run: 018, F, 0, 0
In21, Run: 019, F, 0, 0
In21, Run: 020, F, 0, 0
In21, Run: 021, F, 0, 0
In21, Run: 022, F, 0, 0
In21, Run: 023, F, 0, 0
In21, Run: 024, F, 0, 0
In21, Run: 025, F, 0, 0
In21, Run: 026, F, 0, 0
In21, Run: 027, F, 0, 0
In21, Run: 028, F, 0, 0
In21, Run: 029, F, 0, 0
In21, Run: 030, F, 0, 0
In21, Run: 031, F, 0, 0
In21, Run: 032, F, 0, 0
In21, Run: 033, F, 0, 0
In21, Run: 034, F, 0, 0
In21, Run: 035, F, 0, 0
In21, Run: 036, F, 0, 0
In21, Run: 037, F, 0, 0
In21, Run: 038, F, 0, 0
In21, Run: 039, F, 0, 0
In21, Run: 040, F, 0, 0
In21, Run: 041, F, 0, 0
In21, Run: 042, F, 0, 0
In21, Run: 043, F, 0, 0
In21, Run: 044, F, 0, 0
In21, Run: 045, F, 0, 0
In21, Run: 046, F, 0, 0
In21, Run: 047, F, 0, 0
In21, Run: 048, F, 0, 0
In21, Run: 049, F, 0, 0
In21, Run: 050, F, 0, 0
In21, Run: 051, F, 0, 0
In21, Run: 052, F, 0, 0
In21, Run: 053, F, 0, 0
In21, Run: 054, F, 0, 0
In21, Run: 055, F, 0, 0
In21, Run: 056, F, 0, 0
In21, Run: 057, F, 0, 0
In21, Run: 058, F, 0, 0
In21, Run: 059, F, 0, 0
In21, Run: 060, F, 0, 0
In21, Run: 061, F, 0, 0
In21, Run: 062, F, 0, 0
In21, Run: 063, F, 0, 0
In21, Run: 064, F, 0, 0
In21, Run: 065, F, 0, 0
In21, Run: 066, F, 0, 0
In21, Run: 067, F, 0, 0
In21, Run: 068, F, 0, 0
In21, Run: 069, F, 0, 0
In21, Run: 070, F, 0, 0
In21, Run: 071, F, 0, 0
In21, Run: 072, F, 0, 0
In21, Run: 073, F, 0, 0
In21, Run: 074, F, 0, 0
In21, Run: 075, F, 0, 0
In21, Run: 076, F, 0, 0
In21, Run: 077, F, 0, 0
In21, Run: 078, F, 0, 0
In21, Run: 079, F, 0, 0
In21, Run: 080, F, 0, 0
In21, Run: 081, F, 0, 0
In21, Run: 082, F, 0, 0
In21, Run: 083, F, 0, 0
In21, Run: 084, F, 0, 0
In21, Run: 085, F, 0, 0
In21, Run: 086, F, 0, 0
In21, Run: 087, F, 0, 0
In21, Run: 088, F, 0, 0
In21, Run: 089, F, 0, 0
In21, Run: 090, F, 0, 0
In21, Run: 091, F, 0, 0
In21, Run: 092, F, 0, 0
In21, Run: 093, F, 0, 0
In21, Run: 094, F, 0, 0
In21, Run: 095, F, 0, 0
In21, Run: 096, F, 0, 0
In21, Run: 097, F, 0, 0
In21, Run: 098, F, 0, 0
In21, Run: 099, F, 0, 0
In21, Run: 100, F, 0, 0
In22, Run: 001, F, 21, 0
In22, Run: 002, F, 21, 0
In22, Run: 003, F, 21, 0
In22, Run: 004, F, 21, 0
In22, Run: 005, F, 21, 0
In22, Run: 006, F, 21, 0
In22, Run: 007, F, 21, 0
In22, Run: 008, F, 21, 0
In22, Run: 009, F, 21, 0
In22, Run: 010, F, 21, 0
In22, Run: 011, F, 21, 0
In22, Run: 012, F, 21, 0
In22, Run: 013, F, 21, 0
In22, Run: 014, F, 21, 0
In22, Run: 015, F, 21, 0
In22, Run: 016, F, 21, 0
In22, Run: 017, F, 21, 0
In22, Run: 018, F, 21, 0
In22, Run: 019, F, 21, 0
In22, Run: 020, F, 21, 0
In22, Run: 021, F, 21, 0
In22, Run: 022, F, 21, 0
In22, Run: 023, F, 21, 0
In22, Run: 024, F, 21, 0
In22, Run: 025, F, 21, 0
In22, Run: 026, F, 21, 0
In22, Run: 027, F, 21, 0
In22, Run: 028, F, 21, 0
In22, Run: 029, F, 21, 0
In22, Run: 030, F, 21, 0
In22, Run: 031, F, 21, 0
In22, Run: 032, F, 21, 0
In22, Run: 033, F, 21, 0
In22, Run: 034, F, 21, 0
In22, Run: 035, F, 21, 0
In22, Run: 036, F, 21, 0
In22, Run: 037, F, 21, 0
In22, Run: 038, F, 21, 0
In22, Run: 039, F, 21, 0
In22, Run: 040, F, 21, 0
In22, Run: 041, F, 21, 0
In22, Run: 042, F, 21, 0
In22, Run: 043, F, 21, 0
In22, Run: 044, F, 21, 0
In22, Run: 045, F, 21, 0
In22, Run: 046, F, 21, 0
In22, Run: 047, F, 21, 0
In22, Run: 048, F, 21, 0
In22, Run: 049, F, 21, 0
In22, Run: 050, F, 21, 0
In22, Run: 051, F, 21, 0
In22, Run: 052, F, 21, 0
In22, Run: 053, F, 21, 0
In22, Run: 054, F, 21, 0
In22, Run: 055, F, 21, 0
In22, Run: 056, F, 21, 0
In22, Run: 057, F, 21, 0
In22, Run: 058, F, 21, 0
In22, Run: 059, F, 21, 0
In22, Run: 060, F, 21, 0
In22, Run: 061, F, 21, 0
In22, Run: 062, F, 21, 0
In22, Run: 063, F, 21, 0
In22, Run: 064, F, 21, 0
In22, Run: 065, F, 21, 0
In22, Run: 066, F, 21, 0
In22, Run: 067, F, 21, 0
In22, Run: 068, F, 21, 0
In22, Run: 069, F, 21, 0
In22, Run: 070, F, 21, 0
In22, Run: 071, F, 21, 0
In22, Run: 072, F, 21, 0
In22, Run: 073, F, 21, 0
In22, Run: 074, F, 21, 0
In22, Run: 075, F, 21, 0
In22, Run: 076, F, 21, 0
In22, Run: 077, F, 21, 0
In22, Run: 078, F, 21, 0
In22, Run: 079, F, 21, 0
In22, Run: 080, F, 21, 0
In22, Run: 081, F, 21, 0
In22, Run: 082, F, 21, 0
In22, Run: 083, F, 21, 0
In22, Run: 084, F, 21, 0
In22, Run: 085, F, 21, 0
In22, Run: 086, F, 21, 0
In22, Run: 087, F, 21, 0
In22, Run: 088, F, 21, 0
In22, Run: 089, F, 21, 0
In22, Run: 090, F, 21, 0
In22, Run: 091, F, 21, 0
In22, Run: 092, F, 21, 0
In22, Run: 093, F, 21, 0
In22, Run: 094, F, 21, 0
In22, Run: 095, F, 21, 0
In22, Run: 096, F, 21, 0
In22, Run: 097, F, 21, 0
In22, Run: 098, F, 21, 0
In22, Run: 099, F, 21, 0
In22, Run: 100, F, 21, 0
In23, Run: 001, F, 57, 0
In23, Run: 002, F, 57, 0
In23, Run: 003, F, 57, 0
In23, Run: 004, F, 57, 0
In23, Run: 005, F, 57, 0
In23, Run: 006, F, 57, 0
In23, Run: 007, F, 57, 0
In23, Run: 008, F, 57, 0
In23, Run: 009, F, 57, 0
In23, Run: 010, F, 57, 0
In23, Run: 011, F, 57, 0
In23, Run: 012, F, 57, 0
In23, Run: 013, F, 57, 0
In23, Run: 014, F, 57, 0
In23, Run: 015, F, 57, 0
In23, Run: 016, F, 57, 0
In23, Run: 017, F, 57, 0
In23, Run: 018, F, 57, 0
In23, Run: 019, F, 57, 0
In23, Run: 020, F, 57, 0
In23, Run: 021, F, 57, 0
In23, Run: 022, F, 57, 0
In23, Run: 023, F, 57, 0
In23, Run: 024, F, 57, 0
In23, Run: 025, F, 57, 0
In23, Run: 026, F, 57, 0
In23, Run: 027, F, 57, 0
In23, Run: 028, F, 57, 0
In23, Run: 029, F, 57, 0
In23, Run: 030, F, 57, 0
In23, Run: 031, F, 57, 0
In23, Run: 032, F, 57, 0
In23, Run: 033, F, 57, 0
In23, Run: 034, F, 57, 0
In23, Run: 035, F, 57, 0
In23, Run: 036, F, 57, 0
In23, Run: 037, F, 57, 0
In23, Run: 038, F, 57, 0
In23, Run: 039, F, 57, 0
In23, Run: 040, F, 57, 0
In23, Run: 041, F, 57, 0
In23, Run: 042, F, 57, 0
In23, Run: 043, F, 57, 0
In23, Run: 044, F, 57, 0
In23, Run: 045, F, 57, 0
In23, Run: 046, F, 57, 0
In23, Run: 047, F, 57, 0
In23, Run: 048, F, 57, 0
In23, Run: 049, F, 57, 0
In23, Run: 050, F, 57, 0
In23, Run: 051, F, 57, 0
In23, Run: 052, F, 57, 0
In23, Run: 053, F, 57, 0
In23, Run: 054, F, 57, 0
In23, Run: 055, F, 57, 0
In23, Run: 056, F, 57, 0
In23, Run: 057, F, 57, 0
In23, Run: 058, F, 57, 0
In23, Run: 059, F, 57, 0
In23, Run: 060, F, 57, 0
In23, Run: 061, F, 57, 0
In23, Run: 062, F, 57, 0
In23, Run: 063, F, 57, 0
In23, Run: 064, F, 57, 0
In23, Run: 065, F, 57, 0
In23, Run: 066, F, 57, 0
In23, Run: 067, F, 57, 0
In23, Run: 068, F, 57, 0
In23, Run: 069, F, 57, 0
In23, Run: 070, F, 57, 0
In23, Run: 071, F, 57, 0
In23, Run: 072, F, 57, 0
In23, Run: 073, F, 57, 0
In23, Run: 074, F, 57, 0
In23, Run: 075, F, 57, 0
In23, Run: 076, F, 57, 0
In23, Run: 077, F, 57, 0
In23, Run: 078, F, 57, 0
In23, Run: 079, F, 57, 0
In23, Run: 080, F, 57, 0
In23, Run: 081, F, 57, 0
In23, Run: 082, F, 57, 0
In23, Run: 083, F, 57, 0
In23, Run: 084, F, 57, 0
In23, Run: 085, F, 57, 0
In23, Run: 086, F, 57, 0
In23, Run: 087, F, 57, 0
In23, Run: 088, F, 57, 0
In23, Run: 089, F, 57, 0
In23, Run: 090, F, 57, 0
In23, Run: 091, F, 57, 0
In23, Run: 092, F, 57, 0
In23, Run: 093, F, 57, 0
In23, Run: 094, F, 57, 0
In23, Run: 095, F, 57, 0
In23, Run: 096, F, 57, 0
In23, Run: 097, F, 57, 0
In23, Run: 098, F, 57, 0
In23, Run: 099, F, 57, 0
In23, Run: 100, F, 57, 0
In24, Run: 001, F, 165, 0
In24, Run: 002, F, 165, 0
In24, Run: 003, F, 165, 0
In24, Run: 004, F, 165, 0
In24, Run: 005, F, 165, 0
In24, Run: 006, F, 165, 0
In24, Run: 007, F, 165, 0
In24, Run: 008, F, 165, 0
In24, Run: 009, F, 165, 0
In24, Run: 010, F, 165, 0
In24, Run: 011, F, 165, 0
In24, Run: 012, F, 165, 0
In24, Run: 013, F, 165, 0
In24, Run: 014, F, 165, 0
In24, Run: 015, F, 165, 0
In24, Run: 016, F, 165, 0
In24, Run: 017, F, 165, 0
In24, Run: 018, F, 165, 0
In24, Run: 019, F, 165, 0
In24, Run: 020, F, 165, 0
In24, Run: 021, F, 165, 0
In24, Run: 022, F, 165, 0
In24, Run: 023, F, 165, 0
In24, Run: 024, F, 165, 0
In24, Run: 025, F, 165, 0
In24, Run: 026, F, 165, 0
In24, Run: 027, F, 165, 0
In24, Run: 028, F, 165, 0
In24, Run: 029, F, 165, 0
In24, Run: 030, F, 165, 0
In24, Run: 031, F, 165, 0
In24, Run: 032, F, 165, 0
In24, Run: 033, F, 165, 0
In24, Run: 034, F, 165, 0
In24, Run: 035, F, 165, 0
In24, Run: 036, F, 165, 0
In24, Run: 037, F, 165, 0
In24, Run: 038, F, 165, 0
In24, Run: 039, F, 165, 0
In24, Run: 040, F, 165, 0
In24, Run: 041, F, 165, 0
In24, Run: 042, F, 165, 0
In24, Run: 043, F, 165, 0
In24, Run: 044, F, 165, 0
In24, Run: 045, F, 165, 0
In24, Run: 046, F, 165, 0
In24, Run: 047, F, 165, 0
In24, Run: 048, F, 165, 0
In24, Run: 049, F, 165, 0
In24, Run: 050, F, 165, 0
In24, Run: 051, F, 165, 0
In24, Run: 052, F, 165, 0
In24, Run: 053, F, 165, 0
In24, Run: 054, F, 165, 0
In24, Run: 055, F, 165, 0
In24, Run: 056, F, 165, 0
In24, Run: 057, F, 165, 0
In24, Run: 058, F, 165, 0
In24, Run: 059, F, 165, 0
In24, Run: 060, F, 165, 0
In24, Run: 061, F, 165, 0
In24, Run: 062, F, 165, 0
In24, Run: 063, F, 165, 0
In24, Run: 064, F, 165, 0
In24, Run: 065, F, 165, 0
In24, Run: 066, F, 165, 0
In24, Run: 067, F, 165, 0
In24, Run: 068, F, 165, 0
In24, Run: 069, F, 165, 0
In24, Run: 070, F, 165, 0
In24, Run: 071, F, 165, 0
In24, Run: 072, F, 165, 0
In24, Run: 073, F, 165, 0
In24, Run: 074, F, 165, 0
In24, Run: 075, F, 165, 0
In24, Run: 076, F, 165, 0
In24, Run: 077, F, 165, 0
In24, Run: 078, F, 165, 0
In24, Run: 079, F, 165, 0
In24, Run: 080, F, 165, 0
In24, Run: 081, F, 165, 0
In24, Run: 082, F, 165, 0
In24, Run: 083, F, 165, 0
In24, Run: 084, F, 165, 0
In24, Run: 085, F, 165, 0
In24, Run: 086, F, 165, 0
In24, Run: 087, F, 165, 0
In24, Run: 088, F, 165, 0
In24, Run: 089, F, 165, 0
In24, Run: 090, F, 165, 0
In24, Run: 091, F, 165, 0
In24, Run: 092, F, 165, 0
In24, Run: 093, F, 165, 0
In24, Run: 094, F, 165, 0
In24, Run: 095, F, 165, 0
In24, Run: 096, F, 165, 0
In24, Run: 097, F, 165, 0
In24, Run: 098, F, 165, 0
In24, Run: 099, F, 165, 0
In24, Run: 100, F, 165, 0
In25, Run: 001, F, 0, 0
In25, Run: 002, F, 0, 0
In25, Run: 003, F, 0, 0
In25, Run: 004, F, 0, 0
In25, Run: 005, F, 0, 0
In25, Run: 006, F, 0, 0
In25, Run: 007, F, 0, 0
In25, Run: 008, F, 0, 0
In25, Run: 009, F, 0, 0
In25, Run: 010, F, 0, 0
In25, Run: 011, F, 0, 0
In25, Run: 012, F, 0, 0
In25, Run: 013, F, 0, 0
In25, Run: 014, F, 0, 0
In25, Run: 015, F, 0, 0
In25, Run: 016, F, 0, 0
In25, Run: 017, F, 0, 0
In25, Run: 018, F, 0, 0
In25, Run: 019, F, 0, 0
In25, Run: 020, F, 0, 0
In25, Run: 021, F, 0, 0
In25, Run: 022, F, 0, 0
In25, Run: 023, F, 0, 0
In25, Run: 024, F, 0, 0
In25, Run: 025, F, 0, 0
In25, Run: 026, F, 0, 0
In25, Run: 027, F, 0, 0
In25, Run: 028, F, 0, 0
In25, Run: 029, F, 0, 0
In25, Run: 030, F, 0, 0
In25, Run: 031, F, 0, 0
In25, Run: 032, F, 0, 0
In25, Run: 033, F, 0, 0
In25, Run: 034, F, 0, 0
In25, Run: 035, F, 0, 0
In25, Run: 036, F, 0, 0
In25, Run: 037, F, 0, 0
In25, Run: 038, F, 0, 0
In25, Run: 039, F, 0, 0
In25, Run: 040, F, 0, 0
In25, Run: 041, F, 0, 0
In25, Run: 042, F, 0, 0
In25, Run: 043, F, 0, 0
In25, Run: 044, F, 0, 0
In25, Run: 045, F, 0, 0
In25, Run: 046, F, 0, 0
In25, Run: 047, F, 0, 0
In25, Run: 048, F, 0, 0
In25, Run: 049, F, 0, 0
In25, Run: 050, F, 0, 0
In25, Run: 051, F, 0, 0
In25, Run: 052, F, 0, 0
In25, Run: 053, F, 0, 0
In25, Run: 054, F, 0, 0
In25, Run: 055, F, 0, 0
In25, Run: 056, F, 0, 0
In25, Run: 057, F, 0, 0
In25, Run: 058, F, 0, 0
In25, Run: 059, F, 0, 0
In25, Run: 060, F, 0, 0
In25, Run: 061, F, 0, 0
In25, Run: 062, F, 0, 0
In25, Run: 063, F, 0, 0
In25, Run: 064, F, 0, 0
In25, Run: 065, F, 0, 0
In25, Run: 066, F, 0, 0
In25, Run: 067, F, 0, 0
In25, Run: 068, F, 0, 0
In25, Run: 069, F, 0, 0
In25, Run: 070, F, 0, 0
In25, Run: 071, F, 0, 0
In25, Run: 072, F, 0, 0
In25, Run: 073, F, 0, 0
In25, Run: 074, F, 0, 0
In25, Run: 075, F, 0, 0
In25, Run: 076, F, 0, 0
In25, Run: 077, F, 0, 0
In25, Run: 078, F, 0, 0
In25, Run: 079, F, 0, 0
In25, Run: 080, F, 0, 0
In25, Run: 081, F, 0, 0
In25, Run: 082, F, 0, 0
In25, Run: 083, F, 0, 0
In25, Run: 084, F, 0, 0
In25, Run: 085, F, 0, 0
In25, Run: 086, F, 0, 0
In25, Run: 087, F, 0, 0
In25, Run: 088, F, 0, 0
In25, Run: 089, F, 0, 0
In25, Run: 090, F, 0, 0
In25, Run: 091, F, 0, 0
In25, Run: 092, F, 0, 0
In25, Run: 093, F, 0, 0
In25, Run: 094, F, 0, 0
In25, Run: 095, F, 0, 0
In25, Run: 096, F, 0, 0
In25, Run: 097, F, 0, 0
In25, Run: 098, F, 0, 0
In25, Run: 099, F, 0, 0
In25, Run: 100, F, 0, 0
In26, Run: 001, F, 0, 0
In26, Run: 002, F, 0, 0
In26, Run: 003, F, 0, 0
In26, Run: 004, F, 0, 0
In26, Run: 005, F, 0, 0
In26, Run: 006, F, 0, 0
In26, Run: 007, F, 0, 0
In26, Run: 008, F, 0, 0
In26, Run: 009, F, 0, 0
In26, Run: 010, F, 0, 0
In26, Run: 011, F, 0, 0
In26, Run: 012, F, 0, 0
In26, Run: 013, F, 0, 0
In26, Run: 014, F, 0, 0
In26, Run: 015, F, 0, 0
In26, Run: 016, F, 0, 0
In26, Run: 017, F, 0, 0
In26, Run: 018, F, 0, 0
In26, Run: 019, F, 0, 0
In26, Run: 020, F, 0, 0
In26, Run: 021, F, 0, 0
In26, Run: 022, F, 0, 0
In26, Run: 023, F, 0, 0
In26, Run: 024, F, 0, 0
In26, Run: 025, F, 0, 0
In26, Run: 026, F, 0, 0
In26, Run: 027, F, 0, 0
In26, Run: 028, F, 0, 0
In26, Run: 029, F, 0, 0
In26, Run: 030, F, 0, 0
In26, Run: 031, F, 0, 0
In26, Run: 032, F, 0, 0
In26, Run: 033, F, 0, 0
In26, Run: 034, F, 0, 0
In26, Run: 035, F, 0, 0
In26, Run: 036, F, 0, 0
In26, Run: 037, F, 0, 0
In26, Run: 038, F, 0, 0
In26, Run: 039, F, 0, 0
In26, Run: 040, F, 0, 0
In26, Run: 041, F, 0, 0
In26, Run: 042, F, 0, 0
In26, Run: 043, F, 0, 0
In26, Run: 044, F, 0, 0
In26, Run: 045, F, 0, 0
In26, Run: 046, F, 0, 0
In26, Run: 047, F, 0, 0
In26, Run: 048, F, 0, 0
In26, Run: 049, F, 0, 0
In26, Run: 050, F, 0, 0
In26, Run: 051, F, 0, 0
In26, Run: 052, F, 0, 0
In26, Run: 053, F, 0, 0
In26, Run: 054, F, 0, 0
In26, Run: 055, F, 0, 0
In26, Run: 056, F, 0, 0
In26, Run: 057, F, 0, 0
In26, Run: 058, F, 0, 0
In26, Run: 059, F, 0, 0
In26, Run: 060, F, 0, 0
In26, Run: 061, F, 0, 0
In26, Run: 062, F, 0, 0
In26, Run: 063, F, 0, 0
In26, Run: 064, F, 0, 0
In26, Run: 065, F, 0, 0
In26, Run: 066, F, 0, 0
In26, Run: 067, F, 0, 0
In26, Run: 068, F, 0, 0
In26, Run: 069, F, 0, 0
In26, Run: 070, F, 0, 0
In26, Run: 071, F, 0, 0
In26, Run: 072, F, 0, 0
In26, Run: 073, F, 0, 0
In26, Run: 074, F, 0, 0
In26, Run: 075, F, 0, 0
In26, Run: 076, F, 0, 0
In26, Run: 077, F, 0, 0
In26, Run: 078, F, 0, 0
In26, Run: 079, F, 0, 0
In26, Run: 080, F, 0, 0
In26, Run: 081, F, 0, 0
In26, Run: 082, F, 0, 0
In26, Run: 083, F, 0, 0
In26, Run: 084, F, 0, 0
In26, Run: 085, F, 0, 0
In26, Run: 086, F, 0, 0
In26, Run: 087, F, 0, 0
In26, Run: 088, F, 0, 0
In26, Run: 089, F, 0, 0
In26, Run: 090, F, 0, 0
In26, Run: 091, F, 0, 0
In26, Run: 092, F, 0, 0
In26, Run: 093, F, 0, 0
In26, Run: 094, F, 0, 0
In26, Run: 095, F, 0, 0
In26, Run: 096, F, 0, 0
In26, Run: 097, F, 0, 0
In26, Run: 098, F, 0, 0
In26, Run: 099, F, 0, 0
In26, Run: 100, F, 0, 0
In27, Run: 001, F, 0, 0
In27, Run: 002, F, 0, 0
In27, Run: 003, F, 0, 0
In27, Run: 004, F, 0, 0
In27, Run: 005, F, 0, 0
In27, Run: 006, F, 0, 0
In27, Run: 007, F, 0, 0
In27, Run: 008, F, 0, 0
In27, Run: 009, F, 0, 0
In27, Run: 010, F, 0, 0
In27, Run: 011, F, 0, 0
In27, Run: 012, F, 0, 0
In27, Run: 013, F, 0, 0
In27, Run: 014, F, 0, 0
In27, Run: 015, F, 0, 0
In27, Run: 016, F, 0, 0
In27, Run: 017, F, 0, 0
In27, Run: 018, F, 0, 0
In27, Run: 019, F, 0, 0
In27, Run: 020, F, 0, 0
In27, Run: 021, F, 0, 0
In27, Run: 022, F, 0, 0
In27, Run: 023, F, 0, 0
In27, Run: 024, F, 0, 0
In27, Run: 025, F, 0, 0
In27, Run: 026, F, 0, 0
In27, Run: 027, F, 0, 0
In27, Run: 028, F, 0, 0
In27, Run: 029, F, 0, 0
In27, Run: 030, F, 0, 0
In27, Run: 031, F, 0, 0
In27, Run: 032, F, 0, 0
In27, Run: 033, F, 0, 0
In27, Run: 034, F, 0, 0
In27, Run: 035, F, 0, 0
In27, Run: 036, F, 0, 0
In27, Run: 037, F, 0, 0
In27, Run: 038, F, 0, 0
In27, Run: 039, F, 0, 0
In27, Run: 040, F, 0, 0
In27, Run: 041, F, 0, 0
In27, Run: 042, F, 0, 0
In27, Run: 043, F, 0, 0
In27, Run: 044, F, 0, 0
In27, Run: 045, F, 0, 0
In27, Run: 046, F, 0, 0
In27, Run: 047, F, 0, 0
In27, Run: 048, F, 0, 0
In27, Run: 049, F, 0, 0
In27, Run: 050, F, 0, 0
In27, Run: 051, F, 0, 0
In27, Run: 052, F, 0, 0
In27, Run: 053, F, 0, 0
In27, Run: 054, F, 0, 0
In27, Run: 055, F, 0, 0
In27, Run: 056, F, 0, 0
In27, Run: 057, F, 0, 0
In27, Run: 058, F, 0, 0
In27, Run: 059, F, 0, 0
In27, Run: 060, F, 0, 0
In27, Run: 061, F, 0, 0
In27, Run: 062, F, 0, 0
In27, Run: 063, F, 0, 0
In27, Run: 064, F, 0, 0
In27, Run: 065, F, 0, 0
In27, Run: 066, F, 0, 0
In27, Run: 067, F, 0, 0
In27, Run: 068, F, 0, 0
In27, Run: 069, F, 0, 0
In27, Run: 070, F, 0, 0
In27, Run: 071, F, 0, 0
In27, Run: 072, F, 0, 0
In27, Run: 073, F, 0, 0
In27, Run: 074, F, 0, 0
In27, Run: 075, F, 0, 0
In27, Run: 076, F, 0, 0
In27, Run: 077, F, 0, 0
In27, Run: 078, F, 0, 0
In27, Run: 079, F, 0, 0
In27, Run: 080, F, 0, 0
In27, Run: 081, F, 0, 0
In27, Run: 082, F, 0, 0
In27, Run: 083, F, 0, 0
In27, Run: 084, F, 0, 0
In27, Run: 085, F, 0, 0
In27, Run: 086, F, 0, 0
In27, Run: 087, F, 0, 0
In27, Run: 088, F, 0, 0
In27, Run: 089, F, 0, 0
In27, Run: 090, F, 0, 0
In27, Run: 091, F, 0, 0
In27, Run: 092, F, 0, 0
In27, Run: 093, F, 0, 0
In27, Run: 094, F, 0, 0
In27, Run: 095, F, 0, 0
In27, Run: 096, F, 0, 0
In27, Run: 097, F, 0, 0
In27, Run: 098, F, 0, 0
In27, Run: 099, F, 0, 0
In27, Run: 100, F, 0, 0
In28, Run: 001, F, 0, 0
In28, Run: 002, F, 0, 0
In28, Run: 003, F, 0, 0
In28, Run: 004, F, 0, 0
In28, Run: 005, F, 0, 0
In28, Run: 006, F, 0, 0
In28, Run: 007, F, 0, 0
In28, Run: 008, F, 0, 0
In28, Run: 009, F, 0, 0
In28, Run: 010, F, 0, 0
In28, Run: 011, F, 0, 0
In28, Run: 012, F, 0, 0
In28, Run: 013, F, 0, 0
In28, Run: 014, F, 0, 0
In28, Run: 015, F, 0, 0
In28, Run: 016, F, 0, 0
In28, Run: 017, F, 0, 0
In28, Run: 018, F, 0, 0
In28, Run: 019, F, 0, 0
In28, Run: 020, F, 0, 0
In28, Run: 021, F, 0, 0
In28, Run: 022, F, 0, 0
In28, Run: 023, F, 0, 0
In28, Run: 024, F, 0, 0
In28, Run: 025, F, 0, 0
In28, Run: 026, F, 0, 0
In28, Run: 027, F, 0, 0
In28, Run: 028, F, 0, 0
In28, Run: 029, F, 0, 0
In28, Run: 030, F, 0, 0
In28, Run: 031, F, 0, 0
In28, Run: 032, F, 0, 0
In28, Run: 033, F, 0, 0
In28, Run: 034, F, 0, 0
In28, Run: 035, F, 0, 0
In28, Run: 036, F, 0, 0
In28, Run: 037, F, 0, 0
In28, Run: 038, F, 0, 0
In28, Run: 039, F, 0, 0
In28, Run: 040, F, 0, 0
In28, Run: 041, F, 0, 0
In28, Run: 042, F, 0, 0
In28, Run: 043, F, 0, 0
In28, Run: 044, F, 0, 0
In28, Run: 045, F, 0, 0
In28, Run: 046, F, 0, 0
In28, Run: 047, F, 0, 0
In28, Run: 048, F, 0, 0
In28, Run: 049, F, 0, 0
In28, Run: 050, F, 0, 0
In28, Run: 051, F, 0, 0
In28, Run: 052, F, 0, 0
In28, Run: 053, F, 0, 0
In28, Run: 054, F, 0, 0
In28, Run: 055, F, 0, 0
In28, Run: 056, F, 0, 0
In28, Run: 057, F, 0, 0
In28, Run: 058, F, 0, 0
In28, Run: 059, F, 0, 0
In28, Run: 060, F, 0, 0
In28, Run: 061, F, 0, 0
In28, Run: 062, F, 0, 0
In28, Run: 063, F, 0, 0
In28, Run: 064, F, 0, 0
In28, Run: 065, F, 0, 0
In28, Run: 066, F, 0, 0
In28, Run: 067, F, 0, 0
In28, Run: 068, F, 0, 0
In28, Run: 069, F, 0, 0
In28, Run: 070, F, 0, 0
In28, Run: 071, F, 0, 0
In28, Run: 072, F, 0, 0
In28, Run: 073, F, 0, 0
In28, Run: 074, F, 0, 0
In28, Run: 075, F, 0, 0
In28, Run: 076, F, 0, 0
In28, Run: 077, F, 0, 0
In28, Run: 078, F, 0, 0
In28, Run: 079, F, 0, 0
In28, Run: 080, F, 0, 0
In28, Run: 081, F, 0, 0
In28, Run: 082, F, 0, 0
In28, Run: 083, F, 0, 0
In28, Run: 084, F, 0, 0
In28, Run: 085, F, 0, 0
In28, Run: 086, F, 0, 0
In28, Run: 087, F, 0, 0
In28, Run: 088, F, 0, 0
In28, Run: 089, F, 0, 0
In28, Run: 090, F, 0, 0
In28, Run: 091, F, 0, 0
In28, Run: 092, F, 0, 0
In28, Run: 093, F, 0, 0
In28, Run: 094, F, 0, 0
In28, Run: 095, F, 0, 0
In28, Run: 096, F, 0, 0
In28, Run: 097, F, 0, 0
In28, Run: 098, F, 0, 0
In28, Run: 099, F, 0, 0
In28, Run: 100, F, 0, 0
In29, Run: 001, F, 0, 0
In29, Run: 002, F, 0, 0
In29, Run: 003, F, 0, 0
In29, Run: 004, F, 0, 0
In29, Run: 005, F, 0, 0
In29, Run: 006, F, 0, 0
In29, Run: 007, F, 0, 0
In29, Run: 008, F, 0, 0
In29, Run: 009, F, 0, 0
In29, Run: 010, F, 0, 0
In29, Run: 011, F, 0, 0
In29, Run: 012, F, 0, 0
In29, Run: 013, F, 0, 0
In29, Run: 014, F, 0, 0
In29, Run: 015, F, 0, 0
In29, Run: 016, F, 0, 0
In29, Run: 017, F, 0, 0
In29, Run: 018, F, 0, 0
In29, Run: 019, F, 0, 0
In29, Run: 020, F, 0, 0
In29, Run: 021, F, 0, 0
In29, Run: 022, F, 0, 0
In29, Run: 023, F, 0, 0
In29, Run: 024, F, 0, 0
In29, Run: 025, F, 0, 0
In29, Run: 026, F, 0, 0
In29, Run: 027, F, 0, 0
In29, Run: 028, F, 0, 0
In29, Run: 029, F, 0, 0
In29, Run: 030, F, 0, 0
In29, Run: 031, F, 0, 0
In29, Run: 032, F, 0, 0
In29, Run: 033, F, 0, 0
In29, Run: 034, F, 0, 0
In29, Run: 035, F, 0, 0
In29, Run: 036, F, 0, 0
In29, Run: 037, F, 0, 0
In29, Run: 038, F, 0, 0
In29, Run: 039, F, 0, 0
In29, Run: 040, F, 0, 0
In29, Run: 041, F, 0, 0
In29, Run: 042, F, 0, 0
In29, Run: 043, F, 0, 0
In29, Run: 044, F, 0, 0
In29, Run: 045, F, 0, 0
In29, Run: 046, F, 0, 0
In29, Run: 047, F, 0, 0
In29, Run: 048, F, 0, 0
In29, Run: 049, F, 0, 0
In29, Run: 050, F, 0, 0
In29, Run: 051, F, 0, 0
In29, Run: 052, F, 0, 0
In29, Run: 053, F, 0, 0
In29, Run: 054, F, 0, 0
In29, Run: 055, F, 0, 0
In29, Run: 056, F, 0, 0
In29, Run: 057, F, 0, 0
In29, Run: 058, F, 0, 0
In29, Run: 059, F, 0, 0
In29, Run: 060, F, 0, 0
In29, Run: 061, F, 0, 0
In29, Run: 062, F, 0, 0
In29, Run: 063, F, 0, 0
In29, Run: 064, F, 0, 0
In29, Run: 065, F, 0, 0
In29, Run: 066, F, 0, 0
In29, Run: 067, F, 0, 0
In29, Run: 068, F, 0, 0
In29, Run: 069, F, 0, 0
In29, Run: 070, F, 0, 0
In29, Run: 071, F, 0, 0
In29, Run: 072, F, 0, 0
In29, Run: 073, F, 0, 0
In29, Run: 074, F, 0, 0
In29, Run: 075, F, 0, 0
In29, Run: 076, F, 0, 0
In29, Run: 077, F, 0, 0
In29, Run: 078, F, 0, 0
In29, Run: 079, F, 0, 0
In29, Run: 080, F, 0, 0
In29, Run: 081, F, 0, 0
In29, Run: 082, F, 0, 0
In29, Run: 083, F, 0, 0
In29, Run: 084, F, 0, 0
In29, Run: 085, F, 0, 0
In29, Run: 086, F, 0, 0
In29, Run: 087, F, 0, 0
In29, Run: 088, F, 0, 0
In29, Run: 089, F, 0, 0
In29, Run: 090, F, 0, 0
In29, Run: 091, F, 0, 0
In29, Run: 092, F, 0, 0
In29, Run: 093, F, 0, 0
In29, Run: 094, F, 0, 0
In29, Run: 095, F, 0, 0
In29, Run: 096, F, 0, 0
In29, Run: 097, F, 0, 0
In29, Run: 098, F, 0, 0
In29, Run: 099, F, 0, 0
In29, Run: 100, F, 0, 0
In30, Run: 001, F, 0, 0
In30, Run: 002, F, 0, 0
In30, Run: 003, F, 0, 0
In30, Run: 004, F, 0, 0
In30, Run: 005, F, 0, 0
In30, Run: 006, F, 0, 0
In30, Run: 007, F, 0, 0
In30, Run: 008, F, 0, 0
In30, Run: 009, F, 0, 0
In30, Run: 010, F, 0, 0
In30, Run: 011, F, 0, 0
In30, Run: 012, F, 0, 0
In30, Run: 013, F, 0, 0
In30, Run: 014, F, 0, 0
In30, Run: 015, F, 0, 0
In30, Run: 016, F, 0, 0
In30, Run: 017, F, 0, 0
In30, Run: 018, F, 0, 0
In30, Run: 019, F, 0, 0
In30, Run: 020, F, 0, 0
In30, Run: 021, F, 0, 0
In30, Run: 022, F, 0, 0
In30, Run: 023, F, 0, 0
In30, Run: 024, F, 0, 0
In30, Run: 025, F, 0, 0
In30, Run: 026, F, 0, 0
In30, Run: 027, F, 0, 0
In30, Run: 028, F, 0, 0
In30, Run: 029, F, 0, 0
In30, Run: 030, F, 0, 0
In30, Run: 031, F, 0, 0
In30, Run: 032, F, 0, 0
In30, Run: 033, F, 0, 0
In30, Run: 034, F, 0, 0
In30, Run: 035, F, 0, 0
In30, Run: 036, F, 0, 0
In30, Run: 037, F, 0, 0
In30, Run: 038, F, 0, 0
In30, Run: 039, F, 0, 0
In30, Run: 040, F, 0, 0
In30, Run: 041, F, 0, 0
In30, Run: 042, F, 0, 0
In30, Run: 043, F, 0, 0
In30, Run: 044, F, 0, 0
In30, Run: 045, F, 0, 0
In30, Run: 046, F, 0, 0
In30, Run: 047, F, 0, 0
In30, Run: 048, F, 0, 0
In30, Run: 049, F, 0, 0
In30, Run: 050, F, 0, 0
In30, Run: 051, F, 0, 0
In30, Run: 052, F, 0, 0
In30, Run: 053, F, 0, 0
In30, Run: 054, F, 0, 0
In30, Run: 055, F, 0, 0
In30, Run: 056, F, 0, 0
In30, Run: 057, F, 0, 0
In30, Run: 058, F, 0, 0
In30, Run: 059, F, 0, 0
In30, Run: 060, F, 0, 0
In30, Run: 061, F, 0, 0
In30, Run: 062, F, 0, 0
In30, Run: 063, F, 0, 0
In30, Run: 064, F, 0, 0
In30, Run: 065, F, 0, 0
In30, Run: 066, F, 0, 0
In30, Run: 067, F, 0, 0
In30, Run: 068, F, 0, 0
In30, Run: 069, F, 0, 0
In30, Run: 070, F, 0, 0
In30, Run: 071, F, 0, 0
In30, Run: 072, F, 0, 0
In30, Run: 073, F, 0, 0
In30, Run: 074, F, 0, 0
In30, Run: 075, F, 0, 0
In30, Run: 076, F, 0, 0
In30, Run: 077, F, 0, 0
In30, Run: 078, F, 0, 0
In30, Run: 079, F, 0, 0
In30, Run: 080, F, 0, 0
In30, Run: 081, F, 0, 0
In30, Run: 082, F, 0, 0
In30, Run: 083, F, 0, 0
In30, Run: 084, F, 0, 0
In30, Run: 085, F, 0, 0
In30, Run: 086, F, 0, 0
In30, Run: 087, F, 0, 0
In30, Run: 088, F, 0, 0
In30, Run: 089, F, 0, 0
In30, Run: 090, F, 0, 0
In30, Run: 091, F, 0, 0
In30, Run: 092, F, 0, 0
In30, Run: 093, F, 0, 0
In30, Run: 094, F, 0, 0
In30, Run: 095, F, 0, 0
In30, Run: 096, F, 0, 0
In30, Run: 097, F, 0, 0
In30, Run: 098, F, 0, 0
In30, Run: 099, F, 0, 0
In30, Run: 100, F, 0, 0
In32, Run: 001, F, 0, 0
In32, Run: 002, F, 0, 0
In32, Run: 003, F, 0, 0
In32, Run: 004, F, 0, 0
In32, Run: 005, F, 0, 0
In32, Run: 006, F, 0, 0
In32, Run: 007, F, 0, 0
In32, Run: 008, F, 0, 0
In32, Run: 009, F, 0, 0
In32, Run: 010, F, 0, 0
In32, Run: 011, F, 0, 0
In32, Run: 012, F, 0, 0
In32, Run: 013, F, 0, 0
In32, Run: 014, F, 0, 0
In32, Run: 015, F, 0, 0
In32, Run: 016, F, 0, 0
In32, Run: 017, F, 0, 0
In32, Run: 018, F, 0, 0
In32, Run: 019, F, 0, 0
In32, Run: 020, F, 0, 0
In32, Run: 021, F, 0, 0
In32, Run: 022, F, 0, 0
In32, Run: 023, F, 0, 0
In32, Run: 024, F, 0, 0
In32, Run: 025, F, 0, 0
In32, Run: 026, F, 0, 0
In32, Run: 027, F, 0, 0
In32, Run: 028, F, 0, 0
In32, Run: 029, F, 0, 0
In32, Run: 030, F, 0, 0
In32, Run: 031, F, 0, 0
In32, Run: 032, F, 0, 0
In32, Run: 033, F, 0, 0
In32, Run: 034, F, 0, 0
In32, Run: 035, F, 0, 0
In32, Run: 036, F, 0, 0
In32, Run: 037, F, 0, 0
In32, Run: 038, F, 0, 0
In32, Run: 039, F, 0, 0
In32, Run: 040, F, 0, 0
In32, Run: 041, F, 0, 0
In32, Run: 042, F, 0, 0
In32, Run: 043, F, 0, 0
In32, Run: 044, F, 0, 0
In32, Run: 045, F, 0, 0
In32, Run: 046, F, 0, 0
In32, Run: 047, F, 0, 0
In32, Run: 048, F, 0, 0
In32, Run: 049, F, 0, 0
In32, Run: 050, F, 0, 0
In32, Run: 051, F, 0, 0
In32, Run: 052, F, 0, 0
In32, Run: 053, F, 0, 0
In32, Run: 054, F, 0, 0
In32, Run: 055, F, 0, 0
In32, Run: 056, F, 0, 0
In32, Run: 057, F, 0, 0
In32, Run: 058, F, 0, 0
In32, Run: 059, F, 0, 0
In32, Run: 060, F, 0, 0
In32, Run: 061, F, 0, 0
In32, Run: 062, F, 0, 0
In32, Run: 063, F, 0, 0
In32, Run: 064, F, 0, 0
In32, Run: 065, F, 0, 0
In32, Run: 066, F, 0, 0
In32, Run: 067, F, 0, 0
In32, Run: 068, F, 0, 0
In32, Run: 069, F, 0, 0
In32, Run: 070, F, 0, 0
In32, Run: 071, F, 0, 0
In32, Run: 072, F, 0, 0
In32, Run: 073, F, 0, 0
In32, Run: 074, F, 0, 0
In32, Run: 075, F, 0, 0
In32, Run: 076, F, 0, 0
In32, Run: 077, F, 0, 0
In32, Run: 078, F, 0, 0
In32, Run: 079, F, 0, 0
In32, Run: 080, F, 0, 0
In32, Run: 081, F, 0, 0
In32, Run: 082, F, 0, 0
In32, Run: 083, F, 0, 0
In32, Run: 084, F, 0, 0
In32, Run: 085, F, 0, 0
In32, Run: 086, F, 0, 0
In32, Run: 087, F, 0, 0
In32, Run: 088, F, 0, 0
In32, Run: 089, F, 0, 0
In32, Run: 090, F, 0, 0
In32, Run: 091, F, 0, 0
In32, Run: 092, F, 0, 0
In32, Run: 093, F, 0, 0
In32, Run: 094, F, 0, 0
In32, Run: 095, F, 0, 0
In32, Run: 096, F, 0, 0
In32, Run: 097, F, 0, 0
In32, Run: 098, F, 0, 0
In32, Run: 099, F, 0, 0
In32, Run: 100, F, 0, 0
In33, Run: 001, F, 0, 0
In33, Run: 002, F, 0, 0
In33, Run: 003, F, 0, 0
In33, Run: 004, F, 0, 0
In33, Run: 005, F, 0, 0
In33, Run: 006, F, 0, 0
In33, Run: 007, F, 0, 0
In33, Run: 008, F, 0, 0
In33, Run: 009, F, 0, 0
In33, Run: 010, F, 0, 0
In33, Run: 011, F, 0, 0
In33, Run: 012, F, 0, 0
In33, Run: 013, F, 0, 0
In33, Run: 014, F, 0, 0
In33, Run: 015, F, 0, 0
In33, Run: 016, F, 0, 0
In33, Run: 017, F, 0, 0
In33, Run: 018, F, 0, 0
In33, Run: 019, F, 0, 0
In33, Run: 020, F, 0, 0
In33, Run: 021, F, 0, 0
In33, Run: 022, F, 0, 0
In33, Run: 023, F, 0, 0
In33, Run: 024, F, 0, 0
In33, Run: 025, F, 0, 0
In33, Run: 026, F, 0, 0
In33, Run: 027, F, 0, 0
In33, Run: 028, F, 0, 0
In33, Run: 029, F, 0, 0
In33, Run: 030, F, 0, 0
In33, Run: 031, F, 0, 0
In33, Run: 032, F, 0, 0
In33, Run: 033, F, 0, 0
In33, Run: 034, F, 0, 0
In33, Run: 035, F, 0, 0
In33, Run: 036, F, 0, 0
In33, Run: 037, F, 0, 0
In33, Run: 038, F, 0, 0
In33, Run: 039, F, 0, 0
In33, Run: 040, F, 0, 0
In33, Run: 041, F, 0, 0
In33, Run: 042, F, 0, 0
In33, Run: 043, F, 0, 0
In33, Run: 044, F, 0, 0
In33, Run: 045, F, 0, 0
In33, Run: 046, F, 0, 0
In33, Run: 047, F, 0, 0
In33, Run: 048, F, 0, 0
In33, Run: 049, F, 0, 0
In33, Run: 050, F, 0, 0
In33, Run: 051, F, 0, 0
In33, Run: 052, F, 0, 0
In33, Run: 053, F, 0, 0
In33, Run: 054, F, 0, 0
In33, Run: 055, F, 0, 0
In33, Run: 056, F, 0, 0
In33, Run: 057, F, 0, 0
In33, Run: 058, F, 0, 0
In33, Run: 059, F, 0, 0
In33, Run: 060, F, 0, 0
In33, Run: 061, F, 0, 0
In33, Run: 062, F, 0, 0
In33, Run: 063, F, 0, 0
In33, Run: 064, F, 0, 0
In33, Run: 065, F, 0, 0
In33, Run: 066, F, 0, 0
In33, Run: 067, F, 0, 0
In33, Run: 068, F, 0, 0
In33, Run: 069, F, 0, 0
In33, Run: 070, F, 0, 0
In33, Run: 071, F, 0, 0
In33, Run: 072, F, 0, 0
In33, Run: 073, F, 0, 0
In33, Run: 074, F, 0, 0
In33, Run: 075, F, 0, 0
In33, Run: 076, F, 0, 0
In33, Run: 077, F, 0, 0
In33, Run: 078, F, 0, 0
In33, Run: 079, F, 0, 0
In33, Run: 080, F, 0, 0
In33, Run: 081, F, 0, 0
In33, Run: 082, F, 0, 0
In33, Run: 083, F, 0, 0
In33, Run: 084, F, 0, 0
In33, Run: 085, F, 0, 0
In33, Run: 086, F, 0, 0
In33, Run: 087, F, 0, 0
In33, Run: 088, F, 0, 0
In33, Run: 089, F, 0, 0
In33, Run: 090, F, 0, 0
In33, Run: 091, F, 0, 0
In33, Run: 092, F, 0, 0
In33, Run: 093, F, 0, 0
In33, Run: 094, F, 0, 0
In33, Run: 095, F, 0, 0
In33, Run: 096, F, 0, 0
In33, Run: 097, F, 0, 0
In33, Run: 098, F, 0, 0
In33, Run: 099, F, 0, 0
In33, Run: 100, F, 0, 0
In34, Run: 001, F, 0, 0
In34, Run: 002, F, 0, 0
In34, Run: 003, F, 0, 0
In34, Run: 004, F, 0, 0
In34, Run: 005, F, 0, 0
In34, Run: 006, F, 0, 0
In34, Run: 007, F, 0, 0
In34, Run: 008, F, 0, 0
In34, Run: 009, F, 0, 0
In34, Run: 010, F, 0, 0
In34, Run: 011, F, 0, 0
In34, Run: 012, F, 0, 0
In34, Run: 013, F, 0, 0
In34, Run: 014, F, 0, 0
In34, Run: 015, F, 0, 0
In34, Run: 016, F, 0, 0
In34, Run: 017, F, 0, 0
In34, Run: 018, F, 0, 0
In34, Run: 019, F, 0, 0
In34, Run: 020, F, 0, 0
In34, Run: 021, F, 0, 0
In34, Run: 022, F, 0, 0
In34, Run: 023, F, 0, 0
In34, Run: 024, F, 0, 0
In34, Run: 025, F, 0, 0
In34, Run: 026, F, 0, 0
In34, Run: 027, F, 0, 0
In34, Run: 028, F, 0, 0
In34, Run: 029, F, 0, 0
In34, Run: 030, F, 0, 0
In34, Run: 031, F, 0, 0
In34, Run: 032, F, 0, 0
In34, Run: 033, F, 0, 0
In34, Run: 034, F, 0, 0
In34, Run: 035, F, 0, 0
In34, Run: 036, F, 0, 0
In34, Run: 037, F, 0, 0
In34, Run: 038, F, 0, 0
In34, Run: 039, F, 0, 0
In34, Run: 040, F, 0, 0
In34, Run: 041, F, 0, 0
In34, Run: 042, F, 0, 0
In34, Run: 043, F, 0, 0
In34, Run: 044, F, 0, 0
In34, Run: 045, F, 0, 0
In34, Run: 046, F, 0, 0
In34, Run: 047, F, 0, 0
In34, Run: 048, F, 0, 0
In34, Run: 049, F, 0, 0
In34, Run: 050, F, 0, 0
In34, Run: 051, F, 0, 0
In34, Run: 052, F, 0, 0
In34, Run: 053, F, 0, 0
In34, Run: 054, F, 0, 0
In34, Run: 055, F, 0, 0
In34, Run: 056, F, 0, 0
In34, Run: 057, F, 0, 0
In34, Run: 058, F, 0, 0
In34, Run: 059, F, 0, 0
In34, Run: 060, F, 0, 0
In34, Run: 061, F, 0, 0
In34, Run: 062, F, 0, 0
In34, Run: 063, F, 0, 0
In34, Run: 064, F, 0, 0
In34, Run: 065, F, 0, 0
In34, Run: 066, F, 0, 0
In34, Run: 067, F, 0, 0
In34, Run: 068, F, 0, 0
In34, Run: 069, F, 0, 0
In34, Run: 070, F, 0, 0
In34, Run: 071, F, 0, 0
In34, Run: 072, F, 0, 0
In34, Run: 073, F, 0, 0
In34, Run: 074, F, 0, 0
In34, Run: 075, F, 0, 0
In34, Run: 076, F, 0, 0
In34, Run: 077, F, 0, 0
In34, Run: 078, F, 0, 0
In34, Run: 079, F, 0, 0
In34, Run: 080, F, 0, 0
In34, Run: 081, F, 0, 0
In34, Run: 082, F, 0, 0
In34, Run: 083, F, 0, 0
In34, Run: 084, F, 0, 0
In34, Run: 085, F, 0, 0
In34, Run: 086, F, 0, 0
In34, Run: 087, F, 0, 0
In34, Run: 088, F, 0, 0
In34, Run: 089, F, 0, 0
In34, Run: 090, F, 0, 0
In34, Run: 091, F, 0, 0
In34, Run: 092, F, 0, 0
In34, Run: 093, F, 0, 0
In34, Run: 094, F, 0, 0
In34, Run: 095, F, 0, 0
In34, Run: 096, F, 0, 0
In34, Run: 097, F, 0, 0
In34, Run: 098, F, 0, 0
In34, Run: 099, F, 0, 0
In34, Run: 100, F, 0, 0
In35, Run: 001, F, 48, 0
In35, Run: 002, F, 48, 0
In35, Run: 003, F, 48, 0
In35, Run: 004, F, 48, 0
In35, Run: 005, F, 48, 0
In35, Run: 006, F, 48, 0
In35, Run: 007, F, 48, 0
In35, Run: 008, F, 48, 0
In35, Run: 009, F, 48, 0
In35, Run: 010, F, 48, 0
In35, Run: 011, F, 48, 0
In35, Run: 012, F, 48, 0
In35, Run: 013, F, 48, 0
In35, Run: 014, F, 48, 0
In35, Run: 015, F, 48, 0
In35, Run: 016, F, 48, 0
In35, Run: 017, F, 48, 0
In35, Run: 018, F, 48, 0
In35, Run: 019, F, 48, 0
In35, Run: 020, F, 48, 0
In35, Run: 021, F, 48, 0
In35, Run: 022, F, 48, 0
In35, Run: 023, F, 48, 0
In35, Run: 024, F, 48, 0
In35, Run: 025, F, 48, 0
In35, Run: 026, F, 48, 0
In35, Run: 027, F, 48, 0
In35, Run: 028, F, 48, 0
In35, Run: 029, F, 48, 0
In35, Run: 030, F, 48, 0
In35, Run: 031, F, 48, 0
In35, Run: 032, F, 48, 0
In35, Run: 033, F, 48, 0
In35, Run: 034, F, 48, 0
In35, Run: 035, F, 48, 0
In35, Run: 036, F, 48, 0
In35, Run: 037, F, 48, 0
In35, Run: 038, F, 48, 0
In35, Run: 039, F, 48, 0
In35, Run: 040, F, 48, 0
In35, Run: 041, F, 48, 0
In35, Run: 042, F, 48, 0
In35, Run: 043, F, 48, 0
In35, Run: 044, F, 48, 0
In35, Run: 045, F, 48, 0
In35, Run: 046, F, 48, 0
In35, Run: 047, F, 48, 0
In35, Run: 048, F, 48, 0
In35, Run: 049, F, 48, 0
In35, Run: 050, F, 48, 0
In35, Run: 051, F, 48, 0
In35, Run: 052, F, 48, 0
In35, Run: 053, F, 48, 0
In35, Run: 054, F, 48, 0
In35, Run: 055, F, 48, 0
In35, Run: 056, F, 48, 0
In35, Run: 057, F, 48, 0
In35, Run: 058, F, 48, 0
In35, Run: 059, F, 48, 0
In35, Run: 060, F, 48, 0
In35, Run: 061, F, 48, 0
In35, Run: 062, F, 48, 0
In35, Run: 063, F, 48, 0
In35, Run: 064, F, 48, 0
In35, Run: 065, F, 48, 0
In35, Run: 066, F, 48, 0
In35, Run: 067, F, 48, 0
In35, Run: 068, F, 48, 0
In35, Run: 069, F, 48, 0
In35, Run: 070, F, 48, 0
In35, Run: 071, F, 48, 0
In35, Run: 072, F, 48, 0
In35, Run: 073, F, 48, 0
In35, Run: 074, F, 48, 0
In35, Run: 075, F, 48, 0
In35, Run: 076, F, 48, 0
In35, Run: 077, F, 48, 0
In35, Run: 078, F, 48, 0
In35, Run: 079, F, 48, 0
In35, Run: 080, F, 48, 0
In35, Run: 081, F, 48, 0
In35, Run: 082, F, 48, 0
In35, Run: 083, F, 48, 0
In35, Run: 084, F, 48, 0
In35, Run: 085, F, 48, 0
In35, Run: 086, F, 48, 0
In35, Run: 087, F, 48, 0
In35, Run: 088, F, 48, 0
In35, Run: 089, F, 48, 0
In35, Run: 090, F, 48, 0
In35, Run: 091, F, 48, 0
In35, Run: 092, F, 48, 0
In35, Run: 093, F, 48, 0
In35, Run: 094, F, 48, 0
In35, Run: 095, F, 48, 0
In35, Run: 096, F, 48, 0
In35, Run: 097, F, 48, 0
In35, Run: 098, F, 48, 0
In35, Run: 099, F, 48, 0
In35, Run: 100, F, 48, 0
In36, Run: 001, F, 52, 0
In36, Run: 002, F, 52, 0
In36, Run: 003, F, 52, 0
In36, Run: 004, F, 52, 0
In36, Run: 005, F, 52, 0
In36, Run: 006, F, 52, 0
In36, Run: 007, F, 52, 0
In36, Run: 008, F, 52, 0
In36, Run: 009, F, 52, 0
In36, Run: 010, F, 52, 0
In36, Run: 011, F, 52, 0
In36, Run: 012, F, 52, 0
In36, Run: 013, F, 52, 0
In36, Run: 014, F, 52, 0
In36, Run: 015, F, 52, 0
In36, Run: 016, F, 52, 0
In36, Run: 017, F, 52, 0
In36, Run: 018, F, 52, 0
In36, Run: 019, F, 52, 0
In36, Run: 020, F, 52, 0
In36, Run: 021, F, 52, 0
In36, Run: 022, F, 52, 0
In36, Run: 023, F, 52, 0
In36, Run: 024, F, 52, 0
In36, Run: 025, F, 52, 0
In36, Run: 026, F, 52, 0
In36, Run: 027, F, 52, 0
In36, Run: 028, F, 52, 0
In36, Run: 029, F, 52, 0
In36, Run: 030, F, 52, 0
In36, Run: 031, F, 52, 0
In36, Run: 032, F, 52, 0
In36, Run: 033, F, 52, 0
In36, Run: 034, F, 52, 0
In36, Run: 035, F, 52, 0
In36, Run: 036, F, 52, 0
In36, Run: 037, F, 52, 0
In36, Run: 038, F, 52, 0
In36, Run: 039, F, 52, 0
In36, Run: 040, F, 52, 0
In36, Run: 041, F, 52, 0
In36, Run: 042, F, 52, 0
In36, Run: 043, F, 52, 0
In36, Run: 044, F, 52, 0
In36, Run: 045, F, 52, 0
In36, Run: 046, F, 52, 0
In36, Run: 047, F, 52, 0
In36, Run: 048, F, 52, 0
In36, Run: 049, F, 52, 0
In36, Run: 050, F, 52, 0
In36, Run: 051, F, 52, 0
In36, Run: 052, F, 52, 0
In36, Run: 053, F, 52, 0
In36, Run: 054, F, 52, 0
In36, Run: 055, F, 52, 0
In36, Run: 056, F, 52, 0
In36, Run: 057, F, 52, 0
In36, Run: 058, F, 52, 0
In36, Run: 059, F, 52, 0
In36, Run: 060, F, 52, 0
In36, Run: 061, F, 52, 0
In36, Run: 062, F, 52, 0
In36, Run: 063, F, 52, 0
In36, Run: 064, F, 52, 0
In36, Run: 065, F, 52, 0
In36, Run: 066, F, 52, 0
In36, Run: 067, F, 52, 0
In36, Run: 068, F, 52, 0
In36, Run: 069, F, 52, 0
In36, Run: 070, F, 52, 0
In36, Run: 071, F, 52, 0
In36, Run: 072, F, 52, 0
In36, Run: 073, F, 52, 0
In36, Run: 074, F, 52, 0
In36, Run: 075, F, 52, 0
In36, Run: 076, F, 52, 0
In36, Run: 077, F, 52, 0
In36, Run: 078, F, 52, 0
In36, Run: 079, F, 52, 0
In36, Run: 080, F, 52, 0
In36, Run: 081, F, 52, 0
In36, Run: 082, F, 52, 0
In36, Run: 083, F, 52, 0
In36, Run: 084, F, 52, 0
In36, Run: 085, F, 52, 0
In36, Run: 086, F, 52, 0
In36, Run: 087, F, 52, 0
In36, Run: 088, F, 52, 0
In36, Run: 089, F, 52, 0
In36, Run: 090, F, 52, 0
In36, Run: 091, F, 52, 0
In36, Run: 092, F, 52, 0
In36, Run: 093, F, 52, 0
In36, Run: 094, F, 52, 0
In36, Run: 095, F, 52, 0
In36, Run: 096, F, 52, 0
In36, Run: 097, F, 52, 0
In36, Run: 098, F, 52, 0
In36, Run: 099, F, 52, 0
In36, Run: 100, F, 52, 0
In37, Run: 001, F, 154, 0
In37, Run: 002, F, 154, 0
In37, Run: 003, F, 154, 0
In37, Run: 004, F, 154, 0
In37, Run: 005, F, 154, 0
In37, Run: 006, F, 154, 0
In37, Run: 007, F, 154, 0
In37, Run: 008, F, 154, 0
In37, Run: 009, F, 154, 0
In37, Run: 010, F, 154, 0
In37, Run: 011, F, 154, 0
In37, Run: 012, F, 154, 0
In37, Run: 013, F, 154, 0
In37, Run: 014, F, 154, 0
In37, Run: 015, F, 154, 0
In37, Run: 016, F, 154, 0
In37, Run: 017, F, 154, 0
In37, Run: 018, F, 154, 0
In37, Run: 019, F, 154, 0
In37, Run: 020, F, 154, 0
In37, Run: 021, F, 154, 0
In37, Run: 022, F, 154, 0
In37, Run: 023, F, 154, 0
In37, Run: 024, F, 154, 0
In37, Run: 025, F, 154, 0
In37, Run: 026, F, 154, 0
In37, Run: 027, F, 154, 0
In37, Run: 028, F, 154, 0
In37, Run: 029, F, 154, 0
In37, Run: 030, F, 154, 0
In37, Run: 031, F, 154, 0
In37, Run: 032, F, 154, 0
In37, Run: 033, F, 154, 0
In37, Run: 034, F, 154, 0
In37, Run: 035, F, 154, 0
In37, Run: 036, F, 154, 0
In37, Run: 037, F, 154, 0
In37, Run: 038, F, 154, 0
In37, Run: 039, F, 154, 0
In37, Run: 040, F, 154, 0
In37, Run: 041, F, 154, 0
In37, Run: 042, F, 154, 0
In37, Run: 043, F, 154, 0
In37, Run: 044, F, 154, 0
In37, Run: 045, F, 154, 0
In37, Run: 046, F, 154, 0
In37, Run: 047, F, 154, 0
In37, Run: 048, F, 154, 0
In37, Run: 049, F, 154, 0
In37, Run: 050, F, 154, 0
In37, Run: 051, F, 154, 0
In37, Run: 052, F, 154, 0
In37, Run: 053, F, 154, 0
In37, Run: 054, F, 154, 0
In37, Run: 055, F, 154, 0
In37, Run: 056, F, 154, 0
In37, Run: 057, F, 154, 0
In37, Run: 058, F, 154, 0
In37, Run: 059, F, 154, 0
In37, Run: 060, F, 154, 0
In37, Run: 061, F, 154, 0
In37, Run: 062, F, 154, 0
In37, Run: 063, F, 154, 0
In37, Run: 064, F, 154, 0
In37, Run: 065, F, 154, 0
In37, Run: 066, F, 154, 0
In37, Run: 067, F, 154, 0
In37, Run: 068, F, 154, 0
In37, Run: 069, F, 154, 0
In37, Run: 070, F, 154, 0
In37, Run: 071, F, 154, 0
In37, Run: 072, F, 154, 0
In37, Run: 073, F, 154, 0
In37, Run: 074, F, 154, 0
In37, Run: 075, F, 154, 0
In37, Run: 076, F, 154, 0
In37, Run: 077, F, 154, 0
In37, Run: 078, F, 154, 0
In37, Run: 079, F, 154, 0
In37, Run: 080, F, 154, 0
In37, Run: 081, F, 154, 0
In37, Run: 082, F, 154, 0
In37, Run: 083, F, 154, 0
In37, Run: 084, F, 154, 0
In37, Run: 085, F, 154, 0
In37, Run: 086, F, 154, 0
In37, Run: 087, F, 154, 0
In37, Run: 088, F, 154, 0
In37, Run: 089, F, 154, 0
In37, Run: 090, F, 154, 0
In37, Run: 091, F, 154, 0
In37, Run: 092, F, 154, 0
In37, Run: 093, F, 154, 0
In37, Run: 094, F, 154, 0
In37, Run: 095, F, 154, 0
In37, Run: 096, F, 154, 0
In37, Run: 097, F, 154, 0
In37, Run: 098, F, 154, 0
In37, Run: 099, F, 154, 0
In37, Run: 100, F, 154, 0
In38, Run: 001, F, 31, 0
In38, Run: 002, F, 31, 0
In38, Run: 003, F, 31, 0
In38, Run: 004, F, 31, 0
In38, Run: 005, F, 31, 0
In38, Run: 006, F, 31, 0
In38, Run: 007, F, 31, 0
In38, Run: 008, F, 31, 0
In38, Run: 009, F, 31, 0
In38, Run: 010, F, 31, 0
In38, Run: 011, F, 31, 0
In38, Run: 012, F, 31, 0
In38, Run: 013, F, 31, 0
In38, Run: 014, F, 31, 0
In38, Run: 015, F, 31, 0
In38, Run: 016, F, 31, 0
In38, Run: 017, F, 31, 0
In38, Run: 018, F, 31, 0
In38, Run: 019, F, 31, 0
In38, Run: 020, F, 31, 0
In38, Run: 021, F, 31, 0
In38, Run: 022, F, 31, 0
In38, Run: 023, F, 31, 0
In38, Run: 024, F, 31, 0
In38, Run: 025, F, 31, 0
In38, Run: 026, F, 31, 0
In38, Run: 027, F, 31, 0
In38, Run: 028, F, 31, 0
In38, Run: 029, F, 31, 0
In38, Run: 030, F, 31, 0
In38, Run: 031, F, 31, 0
In38, Run: 032, F, 31, 0
In38, Run: 033, F, 31, 0
In38, Run: 034, F, 31, 0
In38, Run: 035, F, 31, 0
In38, Run: 036, F, 31, 0
In38, Run: 037, F, 31, 0
In38, Run: 038, F, 31, 0
In38, Run: 039, F, 31, 0
In38, Run: 040, F, 31, 0
In38, Run: 041, F, 31, 0
In38, Run: 042, F, 31, 0
In38, Run: 043, F, 31, 0
In38, Run: 044, F, 31, 0
In38, Run: 045, F, 31, 0
In38, Run: 046, F, 31, 0
In38, Run: 047, F, 31, 0
In38, Run: 048, F, 31, 0
In38, Run: 049, F, 31, 0
In38, Run: 050, F, 31, 0
In38, Run: 051, F, 31, 0
In38, Run: 052, F, 31, 0
In38, Run: 053, F, 31, 0
In38, Run: 054, F, 31, 0
In38, Run: 055, F, 31, 0
In38, Run: 056, F, 31, 0
In38, Run: 057, F, 31, 0
In38, Run: 058, F, 31, 0
In38, Run: 059, F, 31, 0
In38, Run: 060, F, 31, 0
In38, Run: 061, F, 31, 0
In38, Run: 062, F, 31, 0
In38, Run: 063, F, 31, 0
In38, Run: 064, F, 31, 0
In38, Run: 065, F, 31, 0
In38, Run: 066, F, 31, 0
In38, Run: 067, F, 31, 0
In38, Run: 068, F, 31, 0
In38, Run: 069, F, 31, 0
In38, Run: 070, F, 31, 0
In38, Run: 071, F, 31, 0
In38, Run: 072, F, 31, 0
In38, Run: 073, F, 31, 0
In38, Run: 074, F, 31, 0
In38, Run: 075, F, 31, 0
In38, Run: 076, F, 31, 0
In38, Run: 077, F, 31, 0
In38, Run: 078, F, 31, 0
In38, Run: 079, F, 31, 0
In38, Run: 080, F, 31, 0
In38, Run: 081, F, 31, 0
In38, Run: 082, F, 31, 0
In38, Run: 083, F, 31, 0
In38, Run: 084, F, 31, 0
In38, Run: 085, F, 31, 0
In38, Run: 086, F, 31, 0
In38, Run: 087, F, 31, 0
In38, Run: 088, F, 31, 0
In38, Run: 089, F, 31, 0
In38, Run: 090, F, 31, 0
In38, Run: 091, F, 31, 0
In38, Run: 092, F, 31, 0
In38, Run: 093, F, 31, 0
In38, Run: 094, F, 31, 0
In38, Run: 095, F, 31, 0
In38, Run: 096, F, 31, 0
In38, Run: 097, F, 31, 0
In38, Run: 098, F, 31, 0
In38, Run: 099, F, 31, 0
In38, Run: 100, F, 31, 0
In39, Run: 001, F, 65, 0
In39, Run: 002, F, 65, 0
In39, Run: 003, F, 65, 0
In39, Run: 004, F, 65, 0
In39, Run: 005, F, 65, 0
In39, Run: 006, F, 65, 0
In39, Run: 007, F, 65, 0
In39, Run: 008, F, 65, 0
In39, Run: 009, F, 65, 0
In39, Run: 010, F, 65, 0
In39, Run: 011, F, 65, 0
In39, Run: 012, F, 65, 0
In39, Run: 013, F, 65, 0
In39, Run: 014, F, 65, 0
In39, Run: 015, F, 65, 0
In39, Run: 016, F, 65, 0
In39, Run: 017, F, 65, 0
In39, Run: 018, F, 65, 0
In39, Run: 019, F, 65, 0
In39, Run: 020, F, 65, 0
In39, Run: 021, F, 65, 0
In39, Run: 022, F, 65, 0
In39, Run: 023, F, 65, 0
In39, Run: 024, F, 65, 0
In39, Run: 025, F, 65, 0
In39, Run: 026, F, 65, 0
In39, Run: 027, F, 65, 0
In39, Run: 028, F, 65, 0
In39, Run: 029, F, 65, 0
In39, Run: 030, F, 65, 0
In39, Run: 031, F, 65, 0
In39, Run: 032, F, 65, 0
In39, Run: 033, F, 65, 0
In39, Run: 034, F, 65, 0
In39, Run: 035, F, 65, 0
In39, Run: 036, F, 65, 0
In39, Run: 037, F, 65, 0
In39, Run: 038, F, 65, 0
In39, Run: 039, F, 65, 0
In39, Run: 040, F, 65, 0
In39, Run: 041, F, 65, 0
In39, Run: 042, F, 65, 0
In39, Run: 043, F, 65, 0
In39, Run: 044, F, 65, 0
In39, Run: 045, F, 65, 0
In39, Run: 046, F, 65, 0
In39, Run: 047, F, 65, 0
In39, Run: 048, F, 65, 0
In39, Run: 049, F, 65, 0
In39, Run: 050, F, 65, 0
In39, Run: 051, F, 65, 0
In39, Run: 052, F, 65, 0
In39, Run: 053, F, 65, 0
In39, Run: 054, F, 65, 0
In39, Run: 055, F, 65, 0
In39, Run: 056, F, 65, 0
In39, Run: 057, F, 65, 0
In39, Run: 058, F, 65, 0
In39, Run: 059, F, 65, 0
In39, Run: 060, F, 65, 0
In39, Run: 061, F, 65, 0
In39, Run: 062, F, 65, 0
In39, Run: 063, F, 65, 0
In39, Run: 064, F, 65, 0
In39, Run: 065, F, 65, 0
In39, Run: 066, F, 65, 0
In39, Run: 067, F, 65, 0
In39, Run: 068, F, 65, 0
In39, Run: 069, F, 65, 0
In39, Run: 070, F, 65, 0
In39, Run: 071, F, 65, 0
In39, Run: 072, F, 65, 0
In39, Run: 073, F, 65, 0
In39, Run: 074, F, 65, 0
In39, Run: 075, F, 65, 0
In39, Run: 076, F, 65, 0
In39, Run: 077, F, 65, 0
In39, Run: 078, F, 65, 0
In39, Run: 079, F, 65, 0
In39, Run: 080, F, 65, 0
In39, Run: 081, F, 65, 0
In39, Run: 082, F, 65, 0
In39, Run: 083, F, 65, 0
In39, Run: 084, F, 65, 0
In39, Run: 085, F, 65, 0
In39, Run: 086, F, 65, 0
In39, Run: 087, F, 65, 0
In39, Run: 088, F, 65, 0
In39, Run: 089, F, 65, 0
In39, Run: 090, F, 65, 0
In39, Run: 091, F, 65, 0
In39, Run: 092, F, 65, 0
In39, Run: 093, F, 65, 0
In39, Run: 094, F, 65, 0
In39, Run: 095, F, 65, 0
In39, Run: 096, F, 65, 0
In39, Run: 097, F, 65, 0
In39, Run: 098, F, 65, 0
In39, Run: 099, F, 65, 0
In39, Run: 100, F, 65, 0
In40, Run: 001, F, 129, 0
In40, Run: 002, F, 129, 0
In40, Run: 003, F, 129, 0
In40, Run: 004, F, 129, 0
In40, Run: 005, F, 129, 0
In40, Run: 006, F, 129, 0
In40, Run: 007, F, 129, 0
In40, Run: 008, F, 129, 0
In40, Run: 009, F, 129, 0
In40, Run: 010, F, 129, 0
In40, Run: 011, F, 129, 0
In40, Run: 012, F, 129, 0
In40, Run: 013, F, 129, 0
In40, Run: 014, F, 129, 0
In40, Run: 015, F, 129, 0
In40, Run: 016, F, 129, 0
In40, Run: 017, F, 129, 0
In40, Run: 018, F, 129, 0
In40, Run: 019, F, 129, 0
In40, Run: 020, F, 129, 0
In40, Run: 021, F, 129, 0
In40, Run: 022, F, 129, 0
In40, Run: 023, F, 129, 0
In40, Run: 024, F, 129, 0
In40, Run: 025, F, 129, 0
In40, Run: 026, F, 129, 0
In40, Run: 027, F, 129, 0
In40, Run: 028, F, 129, 0
In40, Run: 029, F, 129, 0
In40, Run: 030, F, 129, 0
In40, Run: 031, F, 129, 0
In40, Run: 032, F, 129, 0
In40, Run: 033, F, 129, 0
In40, Run: 034, F, 129, 0
In40, Run: 035, F, 129, 0
In40, Run: 036, F, 129, 0
In40, Run: 037, F, 129, 0
In40, Run: 038, F, 129, 0
In40, Run: 039, F, 129, 0
In40, Run: 040, F, 129, 0
In40, Run: 041, F, 129, 0
In40, Run: 042, F, 129, 0
In40, Run: 043, F, 129, 0
In40, Run: 044, F, 129, 0
In40, Run: 045, F, 129, 0
In40, Run: 046, F, 129, 0
In40, Run: 047, F, 129, 0
In40, Run: 048, F, 129, 0
In40, Run: 049, F, 129, 0
In40, Run: 050, F, 129, 0
In40, Run: 051, F, 129, 0
In40, Run: 052, F, 129, 0
In40, Run: 053, F, 129, 0
In40, Run: 054, F, 129, 0
In40, Run: 055, F, 129, 0
In40, Run: 056, F, 129, 0
In40, Run: 057, F, 129, 0
In40, Run: 058, F, 129, 0
In40, Run: 059, F, 129, 0
In40, Run: 060, F, 129, 0
In40, Run: 061, F, 129, 0
In40, Run: 062, F, 129, 0
In40, Run: 063, F, 129, 0
In40, Run: 064, F, 129, 0
In40, Run: 065, F, 129, 0
In40, Run: 066, F, 129, 0
In40, Run: 067, F, 129, 0
In40, Run: 068, F, 129, 0
In40, Run: 069, F, 129, 0
In40, Run: 070, F, 129, 0
In40, Run: 071, F, 129, 0
In40, Run: 072, F, 129, 0
In40, Run: 073, F, 129, 0
In40, Run: 074, F, 129, 0
In40, Run: 075, F, 129, 0
In40, Run: 076, F, 129, 0
In40, Run: 077, F, 129, 0
In40, Run: 078, F, 129, 0
In40, Run: 079, F, 129, 0
In40, Run: 080, F, 129, 0
In40, Run: 081, F, 129, 0
In40, Run: 082, F, 129, 0
In40, Run: 083, F, 129, 0
In40, Run: 084, F, 129, 0
In40, Run: 085, F, 129, 0
In40, Run: 086, F, 129, 0
In40, Run: 087, F, 129, 0
In40, Run: 088, F, 129, 0
In40, Run: 089, F, 129, 0
In40, Run: 090, F, 129, 0
In40, Run: 091, F, 129, 0
In40, Run: 092, F, 129, 0
In40, Run: 093, F, 129, 0
In40, Run: 094, F, 129, 0
In40, Run: 095, F, 129, 0
In40, Run: 096, F, 129, 0
In40, Run: 097, F, 129, 0
In40, Run: 098, F, 129, 0
In40, Run: 099, F, 129, 0
In40, Run: 100, F, 129, 0
In41, Run: 001, F, 0, 0
In41, Run: 002, F, 0, 0
In41, Run: 003, F, 0, 0
In41, Run: 004, F, 0, 0
In41, Run: 005, F, 0, 0
In41, Run: 006, F, 0, 0
In41, Run: 007, F, 0, 0
In41, Run: 008, F, 0, 0
In41, Run: 009, F, 0, 0
In41, Run: 010, F, 0, 0
In41, Run: 011, F, 0, 0
In41, Run: 012, F, 0, 0
In41, Run: 013, F, 0, 0
In41, Run: 014, F, 0, 0
In41, Run: 015, F, 0, 0
In41, Run: 016, F, 0, 0
In41, Run: 017, F, 0, 0
In41, Run: 018, F, 0, 0
In41, Run: 019, F, 0, 0
In41, Run: 020, F, 0, 0
In41, Run: 021, F, 0, 0
In41, Run: 022, F, 0, 0
In41, Run: 023, F, 0, 0
In41, Run: 024, F, 0, 0
In41, Run: 025, F, 0, 0
In41, Run: 026, F, 0, 0
In41, Run: 027, F, 0, 0
In41, Run: 028, F, 0, 0
In41, Run: 029, F, 0, 0
In41, Run: 030, F, 0, 0
In41, Run: 031, F, 0, 0
In41, Run: 032, F, 0, 0
In41, Run: 033, F, 0, 0
In41, Run: 034, F, 0, 0
In41, Run: 035, F, 0, 0
In41, Run: 036, F, 0, 0
In41, Run: 037, F, 0, 0
In41, Run: 038, F, 0, 0
In41, Run: 039, F, 0, 0
In41, Run: 040, F, 0, 0
In41, Run: 041, F, 0, 0
In41, Run: 042, F, 0, 0
In41, Run: 043, F, 0, 0
In41, Run: 044, F, 0, 0
In41, Run: 045, F, 0, 0
In41, Run: 046, F, 0, 0
In41, Run: 047, F, 0, 0
In41, Run: 048, F, 0, 0
In41, Run: 049, F, 0, 0
In41, Run: 050, F, 0, 0
In41, Run: 051, F, 0, 0
In41, Run: 052, F, 0, 0
In41, Run: 053, F, 0, 0
In41, Run: 054, F, 0, 0
In41, Run: 055, F, 0, 0
In41, Run: 056, F, 0, 0
In41, Run: 057, F, 0, 0
In41, Run: 058, F, 0, 0
In41, Run: 059, F, 0, 0
In41, Run: 060, F, 0, 0
In41, Run: 061, F, 0, 0
In41, Run: 062, F, 0, 0
In41, Run: 063, F, 0, 0
In41, Run: 064, F, 0, 0
In41, Run: 065, F, 0, 0
In41, Run: 066, F, 0, 0
In41, Run: 067, F, 0, 0
In41, Run: 068, F, 0, 0
In41, Run: 069, F, 0, 0
In41, Run: 070, F, 0, 0
In41, Run: 071, F, 0, 0
In41, Run: 072, F, 0, 0
In41, Run: 073, F, 0, 0
In41, Run: 074, F, 0, 0
In41, Run: 075, F, 0, 0
In41, Run: 076, F, 0, 0
In41, Run: 077, F, 0, 0
In41, Run: 078, F, 0, 0
In41, Run: 079, F, 0, 0
In41, Run: 080, F, 0, 0
In41, Run: 081, F, 0, 0
In41, Run: 082, F, 0, 0
In41, Run: 083, F, 0, 0
In41, Run: 084, F, 0, 0
In41, Run: 085, F, 0, 0
In41, Run: 086, F, 0, 0
In41, Run: 087, F, 0, 0
In41, Run: 088, F, 0, 0
In41, Run: 089, F, 0, 0
In41, Run: 090, F, 0, 0
In41, Run: 091, F, 0, 0
In41, Run: 092, F, 0, 0
In41, Run: 093, F, 0, 0
In41, Run: 094, F, 0, 0
In41, Run: 095, F, 0, 0
In41, Run: 096, F, 0, 0
In41, Run: 097, F, 0, 0
In41, Run: 098, F, 0, 0
In41, Run: 099, F, 0, 0
In41, Run: 100, F, 0, 0
In42, Run: 001, F, 0, 0
In42, Run: 002, F, 0, 0
In42, Run: 003, F, 0, 0
In42, Run: 004, F, 0, 0
In42, Run: 005, F, 0, 0
In42, Run: 006, F, 0, 0
In42, Run: 007, F, 0, 0
In42, Run: 008, F, 0, 0
In42, Run: 009, F, 0, 0
In42, Run: 010, F, 0, 0
In42, Run: 011, F, 0, 0
In42, Run: 012, F, 0, 0
In42, Run: 013, F, 0, 0
In42, Run: 014, F, 0, 0
In42, Run: 015, F, 0, 0
In42, Run: 016, F, 0, 0
In42, Run: 017, F, 0, 0
In42, Run: 018, F, 0, 0
In42, Run: 019, F, 0, 0
In42, Run: 020, F, 0, 0
In42, Run: 021, F, 0, 0
In42, Run: 022, F, 0, 0
In42, Run: 023, F, 0, 0
In42, Run: 024, F, 0, 0
In42, Run: 025, F, 0, 0
In42, Run: 026, F, 0, 0
In42, Run: 027, F, 0, 0
In42, Run: 028, F, 0, 0
In42, Run: 029, F, 0, 0
In42, Run: 030, F, 0, 0
In42, Run: 031, F, 0, 0
In42, Run: 032, F, 0, 0
In42, Run: 033, F, 0, 0
In42, Run: 034, F, 0, 0
In42, Run: 035, F, 0, 0
In42, Run: 036, F, 0, 0
In42, Run: 037, F, 0, 0
In42, Run: 038, F, 0, 0
In42, Run: 039, F, 0, 0
In42, Run: 040, F, 0, 0
In42, Run: 041, F, 0, 0
In42, Run: 042, F, 0, 0
In42, Run: 043, F, 0, 0
In42, Run: 044, F, 0, 0
In42, Run: 045, F, 0, 0
In42, Run: 046, F, 0, 0
In42, Run: 047, F, 0, 0
In42, Run: 048, F, 0, 0
In42, Run: 049, F, 0, 0
In42, Run: 050, F, 0, 0
In42, Run: 051, F, 0, 0
In42, Run: 052, F, 0, 0
In42, Run: 053, F, 0, 0
In42, Run: 054, F, 0, 0
In42, Run: 055, F, 0, 0
In42, Run: 056, F, 0, 0
In42, Run: 057, F, 0, 0
In42, Run: 058, F, 0, 0
In42, Run: 059, F, 0, 0
In42, Run: 060, F, 0, 0
In42, Run: 061, F, 0, 0
In42, Run: 062, F, 0, 0
In42, Run: 063, F, 0, 0
In42, Run: 064, F, 0, 0
In42, Run: 065, F, 0, 0
In42, Run: 066, F, 0, 0
In42, Run: 067, F, 0, 0
In42, Run: 068, F, 0, 0
In42, Run: 069, F, 0, 0
In42, Run: 070, F, 0, 0
In42, Run: 071, F, 0, 0
In42, Run: 072, F, 0, 0
In42, Run: 073, F, 0, 0
In42, Run: 074, F, 0, 0
In42, Run: 075, F, 0, 0
In42, Run: 076, F, 0, 0
In42, Run: 077, F, 0, 0
In42, Run: 078, F, 0, 0
In42, Run: 079, F, 0, 0
In42, Run: 080, F, 0, 0
In42, Run: 081, F, 0, 0
In42, Run: 082, F, 0, 0
In42, Run: 083, F, 0, 0
In42, Run: 084, F, 0, 0
In42, Run: 085, F, 0, 0
In42, Run: 086, F, 0, 0
In42, Run: 087, F, 0, 0
In42, Run: 088, F, 0, 0
In42, Run: 089, F, 0, 0
In42, Run: 090, F, 0, 0
In42, Run: 091, F, 0, 0
In42, Run: 092, F, 0, 0
In42, Run: 093, F, 0, 0
In42, Run: 094, F, 0, 0
In42, Run: 095, F, 0, 0
In42, Run: 096, F, 0, 0
In42, Run: 097, F, 0, 0
In42, Run: 098, F, 0, 0
In42, Run: 099, F, 0, 0
In42, Run: 100, F, 0, 0
In43, Run: 001, F, 0, 0
In43, Run: 002, F, 0, 0
In43, Run: 003, F, 0, 0
In43, Run: 004, F, 0, 0
In43, Run: 005, F, 0, 0
In43, Run: 006, F, 0, 0
In43, Run: 007, F, 0, 0
In43, Run: 008, F, 0, 0
In43, Run: 009, F, 0, 0
In43, Run: 010, F, 0, 0
In43, Run: 011, F, 0, 0
In43, Run: 012, F, 0, 0
In43, Run: 013, F, 0, 0
In43, Run: 014, F, 0, 0
In43, Run: 015, F, 0, 0
In43, Run: 016, F, 0, 0
In43, Run: 017, F, 0, 0
In43, Run: 018, F, 0, 0
In43, Run: 019, F, 0, 0
In43, Run: 020, F, 0, 0
In43, Run: 021, F, 0, 0
In43, Run: 022, F, 0, 0
In43, Run: 023, F, 0, 0
In43, Run: 024, F, 0, 0
In43, Run: 025, F, 0, 0
In43, Run: 026, F, 0, 0
In43, Run: 027, F, 0, 0
In43, Run: 028, F, 0, 0
In43, Run: 029, F, 0, 0
In43, Run: 030, F, 0, 0
In43, Run: 031, F, 0, 0
In43, Run: 032, F, 0, 0
In43, Run: 033, F, 0, 0
In43, Run: 034, F, 0, 0
In43, Run: 035, F, 0, 0
In43, Run: 036, F, 0, 0
In43, Run: 037, F, 0, 0
In43, Run: 038, F, 0, 0
In43, Run: 039, F, 0, 0
In43, Run: 040, F, 0, 0
In43, Run: 041, F, 0, 0
In43, Run: 042, F, 0, 0
In43, Run: 043, F, 0, 0
In43, Run: 044, F, 0, 0
In43, Run: 045, F, 0, 0
In43, Run: 046, F, 0, 0
In43, Run: 047, F, 0, 0
In43, Run: 048, F, 0, 0
In43, Run: 049, F, 0, 0
In43, Run: 050, F, 0, 0
In43, Run: 051, F, 0, 0
In43, Run: 052, F, 0, 0
In43, Run: 053, F, 0, 0
In43, Run: 054, F, 0, 0
In43, Run: 055, F, 0, 0
In43, Run: 056, F, 0, 0
In43, Run: 057, F, 0, 0
In43, Run: 058, F, 0, 0
In43, Run: 059, F, 0, 0
In43, Run: 060, F, 0, 0
In43, Run: 061, F, 0, 0
In43, Run: 062, F, 0, 0
In43, Run: 063, F, 0, 0
In43, Run: 064, F, 0, 0
In43, Run: 065, F, 0, 0
In43, Run: 066, F, 0, 0
In43, Run: 067, F, 0, 0
In43, Run: 068, F, 0, 0
In43, Run: 069, F, 0, 0
In43, Run: 070, F, 0, 0
In43, Run: 071, F, 0, 0
In43, Run: 072, F, 0, 0
In43, Run: 073, F, 0, 0
In43, Run: 074, F, 0, 0
In43, Run: 075, F, 0, 0
In43, Run: 076, F, 0, 0
In43, Run: 077, F, 0, 0
In43, Run: 078, F, 0, 0
In43, Run: 079, F, 0, 0
In43, Run: 080, F, 0, 0
In43, Run: 081, F, 0, 0
In43, Run: 082, F, 0, 0
In43, Run: 083, F, 0, 0
In43, Run: 084, F, 0, 0
In43, Run: 085, F, 0, 0
In43, Run: 086, F, 0, 0
In43, Run: 087, F, 0, 0
In43, Run: 088, F, 0, 0
In43, Run: 089, F, 0, 0
In43, Run: 090, F, 0, 0
In43, Run: 091, F, 0, 0
In43, Run: 092, F, 0, 0
In43, Run: 093, F, 0, 0
In43, Run: 094, F, 0, 0
In43, Run: 095, F, 0, 0
In43, Run: 096, F, 0, 0
In43, Run: 097, F, 0, 0
In43, Run: 098, F, 0, 0
In43, Run: 099, F, 0, 0
In43, Run: 100, F, 0, 0
